A0001,Anya Taylor-Joy,Jun-25,MPU3183N,Penghayatan Etika dan Peradaban,D,Exempted without Credit Transfer,UEIS,A0001@uow.edu.my,1,47
A0001,Anya Taylor-Joy,Jun-25,KBEN1033N,Oral Communication,A+,,UEIS,A0001@uow.edu.my,4,96
A0001,Anya Taylor-Joy,Jun-25,XBCS1043N,Computing Mathematics,N,To Take (n : registered for Next semester),UEIS,A0001@uow.edu.my,,
A0001,Anya Taylor-Joy,Jun-25,XBCS1143N,Application Development,N,To Take (n : registered for Next semester),UEIS,A0001@uow.edu.my,,
A0001,Anya Taylor-Joy,Jun-25,XBCS1183N,Database Management & Security,N,To Take (n : registered for Next semester),UEIS,A0001@uow.edu.my,,
A0001,Anya Taylor-Joy,Jun-25,MPU3333N,Integrity and Anti Corruption,B,,UEIS,A0001@uow.edu.my,3,66
A0001,Anya Taylor-Joy,Jun-25,MPU3323N,Malaysia and Global Issues,D,Exempted without Credit Transfer,UEIS,A0001@uow.edu.my,1,48
A0001,Anya Taylor-Joy,Jun-25,XBCS1123N,Statistics,N,To Take (n : registered for Next semester),UEIS,A0001@uow.edu.my,,
A0001,Anya Taylor-Joy,Jun-25,MPU3143N,Bahasa Melayu Komunikasi 2,D,Exempted without Credit Transfer,UEIS,A0001@uow.edu.my,1,46
A0001,Anya Taylor-Joy,Jun-25,MPU3123N,Tamadun Islam & Tamadun Asia,D,Exempted without Credit Transfer,UEIS,A0001@uow.edu.my,1,46
A0001,Anya Taylor-Joy,Jun-25,KBRM3014N,Research Methodology,D,Exempted without Credit Transfer,UEIS,A0001@uow.edu.my,1,48
A0002,Austin Butler,Jun-25,MPU3183N,Penghayatan Etika dan Peradaban,D,Exempted without Credit Transfer,UEIS,A0002@uow.edu.my,1,49
A0002,Austin Butler,Jun-25,KBEN1033N,Oral Communication,N,To Take (n : registered for Next semester),UEIS,A0002@uow.edu.my,,
A0002,Austin Butler,Jun-25,XBCS1043N,Computing Mathematics,N,To Take (n : registered for Next semester),UEIS,A0002@uow.edu.my,,
A0002,Austin Butler,Jun-25,XBCS1143N,Application Development,N,To Take (n : registered for Next semester),UEIS,A0002@uow.edu.my,,
A0002,Austin Butler,Jun-25,XBCS1183N,Database Management & Security,N,To Take (n : registered for Next semester),UEIS,A0002@uow.edu.my,,
A0002,Austin Butler,Jun-25,MPU3333N,Integrity and Anti Corruption,N,To Take (n : registered for Next semester),UEIS,A0002@uow.edu.my,,
A0002,Austin Butler,Jun-25,MPU3323N,Malaysia and Global Issues,D,Exempted without Credit Transfer,UEIS,A0002@uow.edu.my,1,49
A0002,Austin Butler,Jun-25,MPU3213,Bahasa Kebangsaan A,D,Exempted without Credit Transfer,UEIS,A0002@uow.edu.my,1,47
A0002,Austin Butler,Jun-25,MPU3143N,Bahasa Melayu Komunikasi 2,D,Exempted without Credit Transfer,UEIS,A0002@uow.edu.my,1,47
A0002,Austin Butler,Jun-25,MPU3123N,Tamadun Islam & Tamadun Asia,D,Exempted without Credit Transfer,UEIS,A0002@uow.edu.my,1,45
A0002,Austin Butler,Jun-25,KBRM3014N,Research Methodology,D,Exempted without Credit Transfer,UEIS,A0002@uow.edu.my,1,47
A0003,Gerard Butler,Jun-25,MPU3183N,Penghayatan Etika dan Peradaban,D,Exempted without Credit Transfer,UEIS,A0003@uow.edu.my,1,49
A0003,Gerard Butler,Jun-25,KBEN1033N,Oral Communication,N,To Take (n : registered for Next semester),UEIS,A0003@uow.edu.my,,
A0003,Gerard Butler,Jun-25,XBCS1043N,Computing Mathematics,N,To Take (n : registered for Next semester),UEIS,A0003@uow.edu.my,,
A0003,Gerard Butler,Jun-25,XBCS1143N,Application Development,N,To Take (n : registered for Next semester),UEIS,A0003@uow.edu.my,,
A0003,Gerard Butler,Jun-25,XBCS1183N,Database Management & Security,N,To Take (n : registered for Next semester),UEIS,A0003@uow.edu.my,,
A0003,Gerard Butler,Jun-25,MPU3333N,Integrity and Anti Corruption,N,To Take (n : registered for Next semester),UEIS,A0003@uow.edu.my,,
A0003,Gerard Butler,Jun-25,MPU3323N,Malaysia and Global Issues,D,Exempted without Credit Transfer,UEIS,A0003@uow.edu.my,1,47
A0003,Gerard Butler,Jun-25,MPU3213,Bahasa Kebangsaan A,D,Exempted without Credit Transfer,UEIS,A0003@uow.edu.my,1,46
A0003,Gerard Butler,Jun-25,MPU3143N,Bahasa Melayu Komunikasi 2,D,Exempted without Credit Transfer,UEIS,A0003@uow.edu.my,1,46
A0003,Gerard Butler,Jun-25,MPU3123N,Tamadun Islam & Tamadun Asia,D,Exempted without Credit Transfer,UEIS,A0003@uow.edu.my,1,47
A0003,Gerard Butler,Jun-25,KBRM3014N,Research Methodology,D,Exempted without Credit Transfer,UEIS,A0003@uow.edu.my,1,48
A0004,Beyoncé,Jun-25,MPU3183N,Penghayatan Etika dan Peradaban,D,Exempted without Credit Transfer,UEIS,A0004@uow.edu.my,1,49
A0004,Beyoncé,Jun-25,KBEN1033N,Oral Communication,F,Retaking this semester,UEIS,A0004@uow.edu.my,0,11
A0004,Beyoncé,Jun-25,XBCS1043N,Computing Mathematics,F,Retaking this semester,UEIS,A0004@uow.edu.my,0,41
A0004,Beyoncé,Jun-25,XBCS1143N,Application Development,F,Retaking this semester,UEIS,A0004@uow.edu.my,0,29
A0004,Beyoncé,Jun-25,XBCS1183N,Database Management & Security,CT,Credit Transferred,UEIS,A0004@uow.edu.my,,
A0004,Beyoncé,Jun-25,MPU3333N,Integrity and Anti Corruption,F,Retaking this semester,UEIS,A0004@uow.edu.my,0,15
A0004,Beyoncé,Jun-25,MPU3323N,Malaysia and Global Issues,F,Retaking this semester,UEIS,A0004@uow.edu.my,0,27
A0004,Beyoncé,Jun-25,XBCS1123N,Statistics,F,Retaking this semester,UEIS,A0004@uow.edu.my,0,41
A0004,Beyoncé,Jun-25,XBCS2103N,Fundamentals of Object Oriented Programming,CT,Credit Transferred,UEIS,A0004@uow.edu.my,,
A0004,Beyoncé,Jun-25,XBCS2013N,Principles of Software Engineering,CT,Credit Transferred,UEIS,A0004@uow.edu.my,,
A0004,Beyoncé,Jun-25,XBCS2193N,HCI & User Experience,CT,Credit Transferred,UEIS,A0004@uow.edu.my,,
A0004,Beyoncé,Jun-25,MPU3123N,Tamadun Islam & Tamadun Asia,D,Exempted without Credit Transfer,UEIS,A0004@uow.edu.my,1,48
A0004,Beyoncé,Jun-25,KBRM3014N,Research Methodology,D,Exempted without Credit Transfer,UEIS,A0004@uow.edu.my,1,47
A0005,Billie Eilish,Apr-25,MPU3183N,Penghayatan Etika dan Peradaban,D,Exempted without Credit Transfer,UEIS,A0005@uow.edu.my,1,48
A0005,Billie Eilish,Apr-25,KBEN1033N,Oral Communication,F,Retaking this semester,UEIS,A0005@uow.edu.my,0,23
A0005,Billie Eilish,Apr-25,XBCS1043N,Computing Mathematics,F,Retaking this semester,UEIS,A0005@uow.edu.my,0,12
A0005,Billie Eilish,Apr-25,XBCS1143N,Application Development,F,Retaking this semester,UEIS,A0005@uow.edu.my,0,15
A0005,Billie Eilish,Apr-25,XBCS1183N,Database Management & Security,F,Retaking this semester,UEIS,A0005@uow.edu.my,0,38
A0005,Billie Eilish,Apr-25,MPU3333N,Integrity and Anti Corruption,F,Retaking this semester,UEIS,A0005@uow.edu.my,0,10
A0005,Billie Eilish,Apr-25,MPU3323N,Malaysia and Global Issues,D,Exempted without Credit Transfer,UEIS,A0005@uow.edu.my,1,45
A0005,Billie Eilish,Apr-25,MPU3193N,Philosophy and Current Issues,F,Retaking this semester,UEIS,A0005@uow.edu.my,0,42
A0005,Billie Eilish,Apr-25,MPU3213,Bahasa Kebangsaan A,D,Exempted without Credit Transfer,UEIS,A0005@uow.edu.my,1,45
A0005,Billie Eilish,Apr-25,MPU3113,Hubungan Etnik,D,Exempted without Credit Transfer,UEIS,A0005@uow.edu.my,1,47
A0006,Mary Butler,Apr-25,MPU3183N,Penghayatan Etika dan Peradaban,D,Exempted without Credit Transfer,UEIS,A0006@uow.edu.my,1,49
A0006,Mary Butler,Apr-25,KBEN1033N,Oral Communication,F,Retaking this semester,UEIS,A0006@uow.edu.my,0,30
A0006,Mary Butler,Apr-25,XBCS1043N,Computing Mathematics,F,Retaking this semester,UEIS,A0006@uow.edu.my,0,11
A0006,Mary Butler,Apr-25,XBCS1143N,Application Development,F,Retaking this semester,UEIS,A0006@uow.edu.my,0,20
A0006,Mary Butler,Apr-25,XBCS1183N,Database Management & Security,F,Retaking this semester,UEIS,A0006@uow.edu.my,0,30
A0006,Mary Butler,Apr-25,MPU3333N,Integrity and Anti Corruption,F,Retaking this semester,UEIS,A0006@uow.edu.my,0,35
A0006,Mary Butler,Apr-25,MPU3323N,Malaysia and Global Issues,D,Exempted without Credit Transfer,UEIS,A0006@uow.edu.my,1,46
A0006,Mary Butler,Apr-25,MPU3193N,Philosophy and Current Issues,F,Retaking this semester,UEIS,A0006@uow.edu.my,0,16
A0006,Mary Butler,Apr-25,MPU3213,Bahasa Kebangsaan A,D,Exempted without Credit Transfer,UEIS,A0006@uow.edu.my,1,45
A0006,Mary Butler,Apr-25,MPU3113,Hubungan Etnik,D,Exempted without Credit Transfer,UEIS,A0006@uow.edu.my,1,45
A0007,Lisa Butler,Feb-25,KBEN1033N,Oral Communication,CT,Credit Transferred,UEIS,A0007@uow.edu.my,,
A0007,Lisa Butler,Feb-25,XBCS1043N,Computing Mathematics,CT,Credit Transferred,UEIS,A0007@uow.edu.my,,
A0007,Lisa Butler,Feb-25,XBCS1143N,Application Development,CT,Credit Transferred,UEIS,A0007@uow.edu.my,,
A0007,Lisa Butler,Feb-25,XBCS1183N,Database Management & Security,CT,Credit Transferred,UEIS,A0007@uow.edu.my,,
A0007,Lisa Butler,Feb-25,MPU3333N,Integrity and Anti Corruption,N,To Take (n : registered for Next semester),UEIS,A0007@uow.edu.my,,
A0007,Lisa Butler,Feb-25,MPU3323N,Malaysia and Global Issues,D,Exempted without Credit Transfer,UEIS,A0007@uow.edu.my,1,48
A0007,Lisa Butler,Feb-25,MPU3193N,Philosophy and Current Issues,A,,UEIS,A0007@uow.edu.my,4,80
A0007,Lisa Butler,Feb-25,XBCS1123N,Statistics,F,Retaking this semester,UEIS,A0007@uow.edu.my,0,40
A0007,Lisa Butler,Feb-25,XBCS1153N,System Analysis and Design,D,,UEIS,A0007@uow.edu.my,1,48
A0007,Lisa Butler,Feb-25,XBIS1034N,Foundation of Information Systems,CT,Credit Transferred,UEIS,A0007@uow.edu.my,,
A0007,Lisa Butler,Feb-25,XBCS2103N,Fundamentals of Object Oriented Programming,CT,Credit Transferred,UEIS,A0007@uow.edu.my,,
A0007,Lisa Butler,Feb-25,XBCS2163N,Database Management Systems,C,,UEIS,A0007@uow.edu.my,2,55
A0007,Lisa Butler,Feb-25,XBIS2054N,Data Science,C+,,UEIS,A0007@uow.edu.my,2,62
A0007,Lisa Butler,Feb-25,XBCS2013N,Principles of Software Engineering,CT,Credit Transferred,UEIS,A0007@uow.edu.my,,
A0007,Lisa Butler,Feb-25,XBCS2193N,HCI & User Experience,F,Retaking this semester,UEIS,A0007@uow.edu.my,0,33
A0007,Lisa Butler,Feb-25,XBIS3014N,Enterprise Systems,F,Retaking this semester,UEIS,A0007@uow.edu.my,0,16
A0007,Lisa Butler,Feb-25,MPU3123N,Tamadun Islam & Tamadun Asia,D,Exempted without Credit Transfer,UEIS,A0007@uow.edu.my,1,49
A0007,Lisa Butler,Feb-25,KBRM3014N,Research Methodology,D,Exempted without Credit Transfer,UEIS,A0007@uow.edu.my,1,48
A0007,Lisa Butler,Feb-25,XBIS2034N,E-Commerce,CT,Credit Transferred,UEIS,A0007@uow.edu.my,,
A0008,Cristiano Ronaldo,Oct-24,MPU3183N,Penghayatan Etika dan Peradaban,D,Exempted without Credit Transfer,UEIS,A0008@uow.edu.my,1,45
A0008,Cristiano Ronaldo,Oct-24,KBEN1033N,Oral Communication,B+,,UEIS,A0008@uow.edu.my,3.3,74
A0008,Cristiano Ronaldo,Oct-24,XBCS1143N,Application Development,F,,UEIS,A0008@uow.edu.my,0,34
A0008,Cristiano Ronaldo,Oct-24,XBCS1183N,Database Management & Security,N,To Take (n : registered for Next semester),UEIS,A0008@uow.edu.my,,
A0008,Cristiano Ronaldo,Oct-24,MPU3333N,Integrity and Anti Corruption,A-,,UEIS,A0008@uow.edu.my,3.7,79
A0008,Cristiano Ronaldo,Oct-24,MPU3323N,Malaysia and Global Issues,D,Exempted without Credit Transfer,UEIS,A0008@uow.edu.my,1,49
A0008,Cristiano Ronaldo,Oct-24,XBCS1123N,Statistics,N,To Take (n : registered for Next semester),UEIS,A0008@uow.edu.my,,
A0008,Cristiano Ronaldo,Oct-24,XBCS1153N,System Analysis and Design,C,,UEIS,A0008@uow.edu.my,2,55
A0008,Cristiano Ronaldo,Oct-24,XBIS1034N,Foundation of Information Systems,N,To Take (n : registered for Next semester),UEIS,A0008@uow.edu.my,,
A0008,Cristiano Ronaldo,Oct-24,XBCS2163N,Database Management Systems,D,,UEIS,A0008@uow.edu.my,1,45
A0008,Cristiano Ronaldo,Oct-24,XBCS2013N,Principles of Software Engineering,N,To Take (n : registered for Next semester),UEIS,A0008@uow.edu.my,,
A0008,Cristiano Ronaldo,Oct-24,XBCS2193N,HCI & User Experience,N,To Take (n : registered for Next semester),UEIS,A0008@uow.edu.my,,
A0008,Cristiano Ronaldo,Oct-24,MPU3143N,Bahasa Melayu Komunikasi 2,XF,,UEIS,A0008@uow.edu.my,,
A0008,Cristiano Ronaldo,Oct-24,MPU3123N,Tamadun Islam & Tamadun Asia,D,Exempted without Credit Transfer,UEIS,A0008@uow.edu.my,1,46
A0008,Cristiano Ronaldo,Oct-24,KBRM3014N,Research Methodology,D,Exempted without Credit Transfer,UEIS,A0008@uow.edu.my,1,49
A0009,Doja Cat,Sep-24,MPU3183N,Penghayatan Etika dan Peradaban,D,Exempted without Credit Transfer,UEIS,A0009@uow.edu.my,1,46
A0009,Doja Cat,Sep-24,KBEN1033N,Oral Communication,CT,Credit Transferred,UEIS,A0009@uow.edu.my,,
A0009,Doja Cat,Sep-24,XBCS1043N,Computing Mathematics,CT,Credit Transferred,UEIS,A0009@uow.edu.my,,
A0009,Doja Cat,Sep-24,XBCS1143N,Application Development,CT,Credit Transferred,UEIS,A0009@uow.edu.my,,
A0009,Doja Cat,Sep-24,XBCS1183N,Database Management & Security,CT,Credit Transferred,UEIS,A0009@uow.edu.my,,
A0009,Doja Cat,Sep-24,MPU3333N,Integrity and Anti Corruption,F,Retaking this semester,UEIS,A0009@uow.edu.my,0,15
A0009,Doja Cat,Sep-24,MPU3323N,Malaysia and Global Issues,D,Exempted without Credit Transfer,UEIS,A0009@uow.edu.my,1,48
A0009,Doja Cat,Sep-24,MPU3193N,Philosophy and Current Issues,C+,,UEIS,A0009@uow.edu.my,2,60
A0009,Doja Cat,Sep-24,XBCS1123N,Statistics,F,Retaking this semester,UEIS,A0009@uow.edu.my,0,30
A0009,Doja Cat,Sep-24,XBCS1153N,System Analysis and Design,CT,Credit Transferred,UEIS,A0009@uow.edu.my,,
A0009,Doja Cat,Sep-24,XBIS1034N,Foundation of Information Systems,F,Retaking this semester,UEIS,A0009@uow.edu.my,0,35
A0009,Doja Cat,Sep-24,XBCS2103N,Fundamentals of Object Oriented Programming,CT,Credit Transferred,UEIS,A0009@uow.edu.my,,
A0009,Doja Cat,Sep-24,XBCS2163N,Database Management Systems,C+,,UEIS,A0009@uow.edu.my,2,61
A0009,Doja Cat,Sep-24,XBIS2054N,Data Science,C,,UEIS,A0009@uow.edu.my,2,58
A0009,Doja Cat,Sep-24,XBCS2013N,Principles of Software Engineering,CT,Credit Transferred,UEIS,A0009@uow.edu.my,,
A0009,Doja Cat,Sep-24,XBCS2193N,HCI & User Experience,F,Retaking this semester,UEIS,A0009@uow.edu.my,0,40
A0009,Doja Cat,Sep-24,XBIS3014N,Enterprise Systems,F,Retaking this semester,UEIS,A0009@uow.edu.my,0,29
A0009,Doja Cat,Sep-24,XBIS2044N,Enterprise Architecture,C,,UEIS,A0009@uow.edu.my,2,56
A0009,Doja Cat,Sep-24,XBIS3034N,Business Process Management,F,,UEIS,A0009@uow.edu.my,0,16
A0009,Doja Cat,Sep-24,XBSE2044N,IT Project Management,F,,UEIS,A0009@uow.edu.my,0,30
A0009,Doja Cat,Sep-24,XBCS2054N,Computer Ethics & Law,CT,Credit Transferred,UEIS,A0009@uow.edu.my,,
A0009,Doja Cat,Sep-24,MPU3143N,Bahasa Melayu Komunikasi 2,B-,,UEIS,A0009@uow.edu.my,,
A0009,Doja Cat,Sep-24,MPU3123N,Tamadun Islam & Tamadun Asia,D,Exempted without Credit Transfer,UEIS,A0009@uow.edu.my,1,47
A0009,Doja Cat,Sep-24,KBRM3014N,Research Methodology,D,Exempted without Credit Transfer,UEIS,A0009@uow.edu.my,1,47
A0010,Tom Cruise,Sep-24,MPU3183N,Penghayatan Etika dan Peradaban,B+,,UEIS,A0010@uow.edu.my,3.3,70
A0010,Tom Cruise,Sep-24,KBEN1033N,Oral Communication,A+,,UEIS,A0010@uow.edu.my,4,97
A0010,Tom Cruise,Sep-24,XBCS1143N,Application Development,C,,UEIS,A0010@uow.edu.my,2,55
A0010,Tom Cruise,Sep-24,XBCS1183N,Database Management & Security,F,Retaking this semester,UEIS,A0010@uow.edu.my,0,42
A0010,Tom Cruise,Sep-24,MPU3323N,Malaysia and Global Issues,D,Exempted without Credit Transfer,UEIS,A0010@uow.edu.my,1,46
A0010,Tom Cruise,Sep-24,MPU3193N,Philosophy and Current Issues,B+,,UEIS,A0010@uow.edu.my,3.3,74
A0010,Tom Cruise,Sep-24,XBCS1123N,Statistics,F,Retaking this semester,UEIS,A0010@uow.edu.my,0,39
A0010,Tom Cruise,Sep-24,XBCS1153N,System Analysis and Design,A,,UEIS,A0010@uow.edu.my,4,85
A0010,Tom Cruise,Sep-24,XBIS1034N,Foundation of Information Systems,B+,,UEIS,A0010@uow.edu.my,3.3,72
A0010,Tom Cruise,Sep-24,XBCS2103N,Fundamentals of Object Oriented Programming,C+,,UEIS,A0010@uow.edu.my,2,60
A0010,Tom Cruise,Sep-24,XBCS2163N,Database Management Systems,B,,UEIS,A0010@uow.edu.my,3,67
A0010,Tom Cruise,Sep-24,XBIS2054N,Data Science,A-,,UEIS,A0010@uow.edu.my,3.7,77
A0010,Tom Cruise,Sep-24,XBCS2013N,Principles of Software Engineering,F,Retaking this semester,UEIS,A0010@uow.edu.my,0,25
A0010,Tom Cruise,Sep-24,XBCS2193N,HCI & User Experience,F,Retaking this semester,UEIS,A0010@uow.edu.my,0,38
A0010,Tom Cruise,Sep-24,XBIS3014N,Enterprise Systems,F,Retaking this semester,UEIS,A0010@uow.edu.my,0,31
A0010,Tom Cruise,Sep-24,MPU3123N,Tamadun Islam & Tamadun Asia,D,Exempted without Credit Transfer,UEIS,A0010@uow.edu.my,1,45
A0010,Tom Cruise,Sep-24,KBRM3014N,Research Methodology,D,Exempted without Credit Transfer,UEIS,A0010@uow.edu.my,1,46
A0011,Tom Cruise,Sep-24,MPU3183N,Penghayatan Etika dan Peradaban,D,Exempted without Credit Transfer,UEIS,A0011@uow.edu.my,1,47
A0011,Tom Cruise,Sep-24,KBEN1033N,Oral Communication,CT,Credit Transferred,UEIS,A0011@uow.edu.my,,
A0011,Tom Cruise,Sep-24,XBCS1043N,Computing Mathematics,CT,Credit Transferred,UEIS,A0011@uow.edu.my,,
A0011,Tom Cruise,Sep-24,XBCS1143N,Application Development,CT,Credit Transferred,UEIS,A0011@uow.edu.my,,
A0011,Tom Cruise,Sep-24,XBCS1183N,Database Management & Security,CT,Credit Transferred,UEIS,A0011@uow.edu.my,,
A0011,Tom Cruise,Sep-24,MPU3333N,Integrity and Anti Corruption,N,To Take (n : registered for Next semester),UEIS,A0011@uow.edu.my,,
A0011,Tom Cruise,Sep-24,MPU3323N,Malaysia and Global Issues,D,Exempted without Credit Transfer,UEIS,A0011@uow.edu.my,1,46
A0011,Tom Cruise,Sep-24,MPU3193N,Philosophy and Current Issues,B-,,UEIS,A0011@uow.edu.my,,
A0011,Tom Cruise,Sep-24,XBCS1123N,Statistics,F,Retaking this semester,UEIS,A0011@uow.edu.my,0,38
A0011,Tom Cruise,Sep-24,XBCS1153N,System Analysis and Design,CT,Credit Transferred,UEIS,A0011@uow.edu.my,,
A0011,Tom Cruise,Sep-24,XBIS1034N,Foundation of Information Systems,C,,UEIS,A0011@uow.edu.my,2,58
A0011,Tom Cruise,Sep-24,XBCS2103N,Fundamentals of Object Oriented Programming,CT,Credit Transferred,UEIS,A0011@uow.edu.my,,
A0011,Tom Cruise,Sep-24,XBCS2163N,Database Management Systems,C+,,UEIS,A0011@uow.edu.my,2,60
A0011,Tom Cruise,Sep-24,XBIS2054N,Data Science,B,,UEIS,A0011@uow.edu.my,3,65
A0011,Tom Cruise,Sep-24,XBCS2013N,Principles of Software Engineering,CT,Credit Transferred,UEIS,A0011@uow.edu.my,,
A0011,Tom Cruise,Sep-24,XBCS2193N,HCI & User Experience,C+,,UEIS,A0011@uow.edu.my,2,62
A0011,Tom Cruise,Sep-24,XBIS3014N,Enterprise Systems,F,Retaking this semester,UEIS,A0011@uow.edu.my,0,38
A0011,Tom Cruise,Sep-24,XBIS2044N,Enterprise Architecture,C,,UEIS,A0011@uow.edu.my,2,58
A0011,Tom Cruise,Sep-24,XBIS3044N,Information System Strategy & Management,F,Retaking this semester,UEIS,A0011@uow.edu.my,0,36
A0011,Tom Cruise,Sep-24,XBIS3034N,Business Process Management,C,,UEIS,A0011@uow.edu.my,2,59
A0011,Tom Cruise,Sep-24,XBSE2044N,IT Project Management,D,,UEIS,A0011@uow.edu.my,1,47
A0011,Tom Cruise,Sep-24,XBCS2054N,Computer Ethics & Law,CT,Credit Transferred,UEIS,A0011@uow.edu.my,,
A0011,Tom Cruise,Sep-24,MPU3143N,Bahasa Melayu Komunikasi 2,B+,,UEIS,A0011@uow.edu.my,3.3,71
A0011,Tom Cruise,Sep-24,MPU3123N,Tamadun Islam & Tamadun Asia,D,Exempted without Credit Transfer,UEIS,A0011@uow.edu.my,1,47
A0011,Tom Cruise,Sep-24,KBRM3014N,Research Methodology,D,Exempted without Credit Transfer,UEIS,A0011@uow.edu.my,1,47
A0012,Tom Cruise,May-24,MPU3183N,Penghayatan Etika dan Peradaban,A-,,UEIS,A0012@uow.edu.my,3.7,78
A0012,Tom Cruise,May-24,KBEN1033N,Oral Communication,B+,,UEIS,A0012@uow.edu.my,3.3,72
A0012,Tom Cruise,May-24,XBCS1043N,Computing Mathematics,A,,UEIS,A0012@uow.edu.my,4,82
A0012,Tom Cruise,May-24,XBCS1143N,Application Development,B+,,UEIS,A0012@uow.edu.my,3.3,72
A0012,Tom Cruise,May-24,XBCS1183N,Database Management & Security,B-,,UEIS,A0012@uow.edu.my,,
A0012,Tom Cruise,May-24,MPU3333N,Integrity and Anti Corruption,N,To Take (n : registered for Next semester),UEIS,A0012@uow.edu.my,,
A0012,Tom Cruise,May-24,MPU3323N,Malaysia and Global Issues,D,Exempted without Credit Transfer,UEIS,A0012@uow.edu.my,1,45
A0012,Tom Cruise,May-24,MPU3193N,Philosophy and Current Issues,C,,UEIS,A0012@uow.edu.my,2,57
A0012,Tom Cruise,May-24,XBCS1123N,Statistics,F,Retaking this semester,UEIS,A0012@uow.edu.my,0,24
A0012,Tom Cruise,May-24,XBCS1153N,System Analysis and Design,B+,,UEIS,A0012@uow.edu.my,3.3,70
A0012,Tom Cruise,May-24,XBIS1034N,Foundation of Information Systems,B-,,UEIS,A0012@uow.edu.my,,
A0012,Tom Cruise,May-24,XBCS2103N,Fundamentals of Object Oriented Programming,B+,,UEIS,A0012@uow.edu.my,3.3,72
A0012,Tom Cruise,May-24,XBIS1044N,Enterprise Information Systems,B-,,UEIS,A0012@uow.edu.my,,
A0012,Tom Cruise,May-24,XBCS2163N,Database Management Systems,B+,,UEIS,A0012@uow.edu.my,3.3,71
A0012,Tom Cruise,May-24,XBIS2054N,Data Science,B-,,UEIS,A0012@uow.edu.my,,
A0012,Tom Cruise,May-24,XBCS2013N,Principles of Software Engineering,A-,,UEIS,A0012@uow.edu.my,3.7,77
A0012,Tom Cruise,May-24,MPU3243N,Entrepreneurship,B+,,UEIS,A0012@uow.edu.my,3.3,73
A0012,Tom Cruise,May-24,XBCS2193N,HCI & User Experience,F,Retaking this semester,UEIS,A0012@uow.edu.my,0,40
A0012,Tom Cruise,May-24,XBIS3014N,Enterprise Systems,F,Retaking this semester,UEIS,A0012@uow.edu.my,0,37
A0012,Tom Cruise,May-24,MPU3123N,Tamadun Islam & Tamadun Asia,D,Exempted without Credit Transfer,UEIS,A0012@uow.edu.my,1,45
A0012,Tom Cruise,May-24,KBRM3014N,Research Methodology,D,Exempted without Credit Transfer,UEIS,A0012@uow.edu.my,1,49
A0013,Harry Styles,Mar-24,MPU3183N,Penghayatan Etika dan Peradaban,B,,UEIS,A0013@uow.edu.my,3,69
A0013,Harry Styles,Mar-24,KBEN1033N,Oral Communication,CT,Credit Transferred,UEIS,A0013@uow.edu.my,,
A0013,Harry Styles,Mar-24,XBCS1043N,Computing Mathematics,CT,Credit Transferred,UEIS,A0013@uow.edu.my,,
A0013,Harry Styles,Mar-24,XBCS1143N,Application Development,B+,,UEIS,A0013@uow.edu.my,3.3,73
A0013,Harry Styles,Mar-24,XBCS1183N,Database Management & Security,CT,Credit Transferred,UEIS,A0013@uow.edu.my,,
A0013,Harry Styles,Mar-24,MPU3333N,Integrity and Anti Corruption,A-,,UEIS,A0013@uow.edu.my,3.7,78
A0013,Harry Styles,Mar-24,MPU3323N,Malaysia and Global Issues,D,Exempted without Credit Transfer,UEIS,A0013@uow.edu.my,1,48
A0013,Harry Styles,Mar-24,MPU3193N,Philosophy and Current Issues,C,,UEIS,A0013@uow.edu.my,2,56
A0013,Harry Styles,Mar-24,XBCS1123N,Statistics,F,Retaking this semester,UEIS,A0013@uow.edu.my,0,25
A0013,Harry Styles,Mar-24,XBCS1153N,System Analysis and Design,CT,Credit Transferred,UEIS,A0013@uow.edu.my,,
A0013,Harry Styles,Mar-24,XBIS1034N,Foundation of Information Systems,CT,Credit Transferred,UEIS,A0013@uow.edu.my,,
A0013,Harry Styles,Mar-24,XBCS2103N,Fundamentals of Object Oriented Programming,CT,Credit Transferred,UEIS,A0013@uow.edu.my,,
A0013,Harry Styles,Mar-24,XBIS1044N,Enterprise Information Systems,A-,,UEIS,A0013@uow.edu.my,3.7,77
A0013,Harry Styles,Mar-24,XBCS2163N,Database Management Systems,A-,,UEIS,A0013@uow.edu.my,3.7,77
A0013,Harry Styles,Mar-24,XBIS2054N,Data Science,CT,Credit Transferred,UEIS,A0013@uow.edu.my,,
A0013,Harry Styles,Mar-24,XBCS2013N,Principles of Software Engineering,CT,Credit Transferred,UEIS,A0013@uow.edu.my,,
A0013,Harry Styles,Mar-24,XBCS2193N,HCI & User Experience,A,,UEIS,A0013@uow.edu.my,4,81
A0013,Harry Styles,Mar-24,XBIS3014N,Enterprise Systems,B,,UEIS,A0013@uow.edu.my,3,67
A0013,Harry Styles,Mar-24,MPU3242N,Global Social Responsibility,B+,,UEIS,A0013@uow.edu.my,3.3,71
A0013,Harry Styles,Mar-24,XBIS2044N,Enterprise Architecture,A,,UEIS,A0013@uow.edu.my,4,85
A0013,Harry Styles,Mar-24,XBIS3044N,Information System Strategy & Management,B+,,UEIS,A0013@uow.edu.my,3.3,73
A0013,Harry Styles,Mar-24,XBIS3034N,Business Process Management,A,,UEIS,A0013@uow.edu.my,4,86
A0013,Harry Styles,Mar-24,XBSE2044N,IT Project Management,A-,,UEIS,A0013@uow.edu.my,3.7,75
A0013,Harry Styles,Mar-24,MPU3213,Bahasa Kebangsaan A,D,Exempted without Credit Transfer,UEIS,A0013@uow.edu.my,1,49
A0013,Harry Styles,Mar-24,MPU3143N,Bahasa Melayu Komunikasi 2,D,Exempted without Credit Transfer,UEIS,A0013@uow.edu.my,1,48
A0013,Harry Styles,Mar-24,MPU3123N,Tamadun Islam & Tamadun Asia,D,Exempted without Credit Transfer,UEIS,A0013@uow.edu.my,1,49
A0013,Harry Styles,Mar-24,KBRM3014N,Research Methodology,D,Exempted without Credit Transfer,UEIS,A0013@uow.edu.my,1,45
A0013,Harry Styles,Mar-24,BBLG2014N,Introduction to Logistic,F,Retaking this semester,UEIS,A0013@uow.edu.my,0,42
A0013,Harry Styles,Mar-24,BBAC1024N,Management Accounting 1,F,Retaking this semester,UEIS,A0013@uow.edu.my,0,14
A0014,Jenna Ortega,Jan-24,MPU3183N,Penghayatan Etika dan Peradaban,A-,,UEIS,A0014@uow.edu.my,3.7,76
A0014,Jenna Ortega,Jan-24,KBEN1033N,Oral Communication,A-,,UEIS,A0014@uow.edu.my,3.7,78
A0014,Jenna Ortega,Jan-24,XBCS1043N,Computing Mathematics,B-,,UEIS,A0014@uow.edu.my,,
A0014,Jenna Ortega,Jan-24,XBCS1143N,Application Development,B-,,UEIS,A0014@uow.edu.my,,
A0014,Jenna Ortega,Jan-24,XBCS1183N,Database Management & Security,F,Retaking this semester,UEIS,A0014@uow.edu.my,0,39
A0014,Jenna Ortega,Jan-24,MPU3323N,Malaysia and Global Issues,D,Exempted without Credit Transfer,UEIS,A0014@uow.edu.my,1,48
A0014,Jenna Ortega,Jan-24,MPU3193N,Philosophy and Current Issues,B-,,UEIS,A0014@uow.edu.my,,
A0014,Jenna Ortega,Jan-24,XBCS1123N,Statistics,F,Retaking this semester,UEIS,A0014@uow.edu.my,0,4
A0014,Jenna Ortega,Jan-24,XBCS1153N,System Analysis and Design,B-,,UEIS,A0014@uow.edu.my,,
A0014,Jenna Ortega,Jan-24,XBIS1034N,Foundation of Information Systems,A-,,UEIS,A0014@uow.edu.my,3.7,77
A0014,Jenna Ortega,Jan-24,XBCS2103N,Fundamentals of Object Oriented Programming,C,,UEIS,A0014@uow.edu.my,2,55
A0014,Jenna Ortega,Jan-24,XBIS1044N,Enterprise Information Systems,B+,,UEIS,A0014@uow.edu.my,3.3,71
A0014,Jenna Ortega,Jan-24,XBCS2163N,Database Management Systems,A,,UEIS,A0014@uow.edu.my,4,83
A0014,Jenna Ortega,Jan-24,XBIS2054N,Data Science,B+,,UEIS,A0014@uow.edu.my,3.3,70
A0014,Jenna Ortega,Jan-24,XBCS2013N,Principles of Software Engineering,A-,,UEIS,A0014@uow.edu.my,3.7,77
A0014,Jenna Ortega,Jan-24,MPU3243N,Entrepreneurship,A-,,UEIS,A0014@uow.edu.my,3.7,78
A0014,Jenna Ortega,Jan-24,XBCS2193N,HCI & User Experience,B+,,UEIS,A0014@uow.edu.my,3.3,74
A0014,Jenna Ortega,Jan-24,MPU3242N,Global Social Responsibility,A,,UEIS,A0014@uow.edu.my,4,82
A0014,Jenna Ortega,Jan-24,XBIS2044N,Enterprise Architecture,B,,UEIS,A0014@uow.edu.my,3,66
A0014,Jenna Ortega,Jan-24,XBIS3034N,Business Process Management,A-,,UEIS,A0014@uow.edu.my,3.7,76
A0014,Jenna Ortega,Jan-24,XBSE2044N,IT Project Management,A,,UEIS,A0014@uow.edu.my,4,82
A0014,Jenna Ortega,Jan-24,MPU3213,Bahasa Kebangsaan A,D,Exempted without Credit Transfer,UEIS,A0014@uow.edu.my,1,45
A0014,Jenna Ortega,Jan-24,MPU3143N,Bahasa Melayu Komunikasi 2,D,Exempted without Credit Transfer,UEIS,A0014@uow.edu.my,1,46
A0014,Jenna Ortega,Jan-24,MPU3123N,Tamadun Islam & Tamadun Asia,D,Exempted without Credit Transfer,UEIS,A0014@uow.edu.my,1,49
A0014,Jenna Ortega,Jan-24,KBRM3014N,Research Methodology,D,Exempted without Credit Transfer,UEIS,A0014@uow.edu.my,1,49
A0014,Jenna Ortega,Jan-24,BBMK1014N,Principles of Marketing,F,Retaking this semester,UEIS,A0014@uow.edu.my,0,27
A0014,Jenna Ortega,Jan-24,XBMC3014N,Internet and Web Development,F,Retaking this semester,UEIS,A0014@uow.edu.my,0,27
A0015,Jungkook,Jan-24,MPU3183N,Penghayatan Etika dan Peradaban,A-,,UEIS,A0015@uow.edu.my,3.7,76
A0015,Jungkook,Jan-24,KBEN1033N,Oral Communication,CT,Credit Transferred,UEIS,A0015@uow.edu.my,,
A0015,Jungkook,Jan-24,XBCS1043N,Computing Mathematics,CT,Credit Transferred,UEIS,A0015@uow.edu.my,,
A0015,Jungkook,Jan-24,XBCS1143N,Application Development,CT,Credit Transferred,UEIS,A0015@uow.edu.my,,
A0015,Jungkook,Jan-24,XBCS1183N,Database Management & Security,B-,,UEIS,A0015@uow.edu.my,,
A0015,Jungkook,Jan-24,MPU3333N,Integrity and Anti Corruption,F,Retaking this semester,UEIS,A0015@uow.edu.my,0,28
A0015,Jungkook,Jan-24,MPU3323N,Malaysia and Global Issues,D,Exempted without Credit Transfer,UEIS,A0015@uow.edu.my,1,46
A0015,Jungkook,Jan-24,MPU3193N,Philosophy and Current Issues,A-,,UEIS,A0015@uow.edu.my,3.7,77
A0015,Jungkook,Jan-24,XBCS1123N,Statistics,B,,UEIS,A0015@uow.edu.my,3,69
A0015,Jungkook,Jan-24,XBCS1153N,System Analysis and Design,CT,Credit Transferred,UEIS,A0015@uow.edu.my,,
A0015,Jungkook,Jan-24,XBIS1034N,Foundation of Information Systems,B+,,UEIS,A0015@uow.edu.my,3.3,70
A0015,Jungkook,Jan-24,XBCS2103N,Fundamentals of Object Oriented Programming,CT,Credit Transferred,UEIS,A0015@uow.edu.my,,
A0015,Jungkook,Jan-24,XBIS1044N,Enterprise Information Systems,B+,,UEIS,A0015@uow.edu.my,3.3,70
A0015,Jungkook,Jan-24,XBCS2163N,Database Management Systems,B,,UEIS,A0015@uow.edu.my,3,69
A0015,Jungkook,Jan-24,XBIS2054N,Data Science,A,,UEIS,A0015@uow.edu.my,4,82
A0015,Jungkook,Jan-24,XBCS2013N,Principles of Software Engineering,CT,Credit Transferred,UEIS,A0015@uow.edu.my,,
A0015,Jungkook,Jan-24,MPU3243N,Entrepreneurship,A,,UEIS,A0015@uow.edu.my,4,80
A0015,Jungkook,Jan-24,XBCS2193N,HCI & User Experience,A-,,UEIS,A0015@uow.edu.my,3.7,79
A0015,Jungkook,Jan-24,XBIS2014N,IT Infrastructure,B+,,UEIS,A0015@uow.edu.my,3.3,74
A0015,Jungkook,Jan-24,XBIS3014N,Enterprise Systems,B,,UEIS,A0015@uow.edu.my,3,66
A0015,Jungkook,Jan-24,MPU3242N,Global Social Responsibility,CT,Credit Transferred,UEIS,A0015@uow.edu.my,,
A0015,Jungkook,Jan-24,XBIS2044N,Enterprise Architecture,CT,Credit Transferred,UEIS,A0015@uow.edu.my,,
A0015,Jungkook,Jan-24,XBIS3044N,Information System Strategy & Management,B-,,UEIS,A0015@uow.edu.my,,
A0015,Jungkook,Jan-24,XBIS3034N,Business Process Management,B-,,UEIS,A0015@uow.edu.my,,
A0015,Jungkook,Jan-24,XBSE2044N,IT Project Management,CT,Credit Transferred,UEIS,A0015@uow.edu.my,,
A0015,Jungkook,Jan-24,XBCS2054N,Computer Ethics & Law,CT,Credit Transferred,UEIS,A0015@uow.edu.my,,
A0015,Jungkook,Jan-24,XBFP3074M,Final Year Project 1,B+,,UEIS,A0015@uow.edu.my,3.3,71
A0015,Jungkook,Jan-24,XBFP3084N,Final Year Project 2,N,To Take (n : registered for Next semester),UEIS,A0015@uow.edu.my,,
A0015,Jungkook,Jan-24,MPU3213,Bahasa Kebangsaan A,D,Exempted without Credit Transfer,UEIS,A0015@uow.edu.my,1,48
A0015,Jungkook,Jan-24,MPU3143N,Bahasa Melayu Komunikasi 2,D,Exempted without Credit Transfer,UEIS,A0015@uow.edu.my,1,47
A0015,Jungkook,Jan-24,MPU3113,Hubungan Etnik,B+,,UEIS,A0015@uow.edu.my,3.3,72
A0015,Jungkook,Jan-24,MPU3123N,Tamadun Islam & Tamadun Asia,B+,,UEIS,A0015@uow.edu.my,3.3,73
A0015,Jungkook,Jan-24,KBRM3014N,Research Methodology,D,Exempted without Credit Transfer,UEIS,A0015@uow.edu.my,1,49
A0015,Jungkook,Jan-24,BBFN1014N,Principles of Finance,D,,UEIS,A0015@uow.edu.my,1,46
A0015,Jungkook,Jan-24,BBLG2014N,Introduction to Logistic,F,Retaking this semester,UEIS,A0015@uow.edu.my,0,38
A0015,Jungkook,Jan-24,BBMG3024N,Strategic Management,B+,,UEIS,A0015@uow.edu.my,3.3,70
A0015,Jungkook,Jan-24,BBMG2014N,Organizational Behaviour,B-,,UEIS,A0015@uow.edu.my,,
A0015,Jungkook,Jan-24,XBMC3014N,Internet and Web Development,B+,,UEIS,A0015@uow.edu.my,3.3,73
A0015,Jungkook,Jan-24,XBIS2034N,E-Commerce,CT,Credit Transferred,UEIS,A0015@uow.edu.my,,
A0016,LeBron James,Jan-24,MPU3183N,Penghayatan Etika dan Peradaban,B+,,UEIS,A0016@uow.edu.my,3.3,70
A0016,LeBron James,Jan-24,KBEN1033N,Oral Communication,A-,,UEIS,A0016@uow.edu.my,3.7,78
A0016,LeBron James,Jan-24,XBCS1043N,Computing Mathematics,B,,UEIS,A0016@uow.edu.my,3,65
A0016,LeBron James,Jan-24,XBCS1143N,Application Development,C,,UEIS,A0016@uow.edu.my,2,59
A0016,LeBron James,Jan-24,XBCS1183N,Database Management & Security,A,,UEIS,A0016@uow.edu.my,4,83
A0016,LeBron James,Jan-24,MPU3323N,Malaysia and Global Issues,B+,,UEIS,A0016@uow.edu.my,3.3,72
A0016,LeBron James,Jan-24,MPU3193N,Philosophy and Current Issues,A,,UEIS,A0016@uow.edu.my,4,85
A0016,LeBron James,Jan-24,XBCS1123N,Statistics,C+,,UEIS,A0016@uow.edu.my,2,64
A0016,LeBron James,Jan-24,XBCS1153N,System Analysis and Design,A-,,UEIS,A0016@uow.edu.my,3.7,77
A0016,LeBron James,Jan-24,XBIS1034N,Foundation of Information Systems,A,,UEIS,A0016@uow.edu.my,4,89
A0016,LeBron James,Jan-24,XBCS2103N,Fundamentals of Object Oriented Programming,CT,Credit Transferred,UEIS,A0016@uow.edu.my,,
A0016,LeBron James,Jan-24,XBCS2163N,Database Management Systems,A,,UEIS,A0016@uow.edu.my,4,85
A0016,LeBron James,Jan-24,XBIS2054N,Data Science,A,,UEIS,A0016@uow.edu.my,4,86
A0016,LeBron James,Jan-24,XBCS2013N,Principles of Software Engineering,A,,UEIS,A0016@uow.edu.my,4,89
A0016,LeBron James,Jan-24,MPU3243N,Entrepreneurship,A,,UEIS,A0016@uow.edu.my,4,84
A0016,LeBron James,Jan-24,XBCS2193N,HCI & User Experience,A,,UEIS,A0016@uow.edu.my,4,85
A0016,LeBron James,Jan-24,XBIS2014N,IT Infrastructure,A-,,UEIS,A0016@uow.edu.my,3.7,77
A0016,LeBron James,Jan-24,XBIS3014N,Enterprise Systems,A,,UEIS,A0016@uow.edu.my,4,89
A0016,LeBron James,Jan-24,MPU3242N,Global Social Responsibility,B+,,UEIS,A0016@uow.edu.my,3.3,74
A0016,LeBron James,Jan-24,XBIS2044N,Enterprise Architecture,A-,,UEIS,A0016@uow.edu.my,3.7,76
A0016,LeBron James,Jan-24,XBIS3044N,Information System Strategy & Management,A-,,UEIS,A0016@uow.edu.my,3.7,75
A0016,LeBron James,Jan-24,XBIS3034N,Business Process Management,A,,UEIS,A0016@uow.edu.my,4,88
A0016,LeBron James,Jan-24,XBSE2044N,IT Project Management,A,,UEIS,A0016@uow.edu.my,4,84
A0016,LeBron James,Jan-24,XBCS2054N,Computer Ethics & Law,A-,,UEIS,A0016@uow.edu.my,3.7,78
A0016,LeBron James,Jan-24,XBFP3074M,Final Year Project 1,F,Retaking this semester,UEIS,A0016@uow.edu.my,0,34
A0016,LeBron James,Jan-24,MPU3213,Bahasa Kebangsaan A,P,,UEIS,A0016@uow.edu.my,,
A0016,LeBron James,Jan-24,MPU3143N,Bahasa Melayu Komunikasi 2,D,Exempted without Credit Transfer,UEIS,A0016@uow.edu.my,1,46
A0016,LeBron James,Jan-24,MPU3113,Hubungan Etnik,D,Exempted without Credit Transfer,UEIS,A0016@uow.edu.my,1,45
A0016,LeBron James,Jan-24,MPU3123N,Tamadun Islam & Tamadun Asia,D,Exempted without Credit Transfer,UEIS,A0016@uow.edu.my,1,45
A0016,LeBron James,Jan-24,KBRM3014N,Research Methodology,D,Exempted without Credit Transfer,UEIS,A0016@uow.edu.my,1,45
A0016,LeBron James,Jan-24,BBLG2014N,Introduction to Logistic,F,Retaking this semester,UEIS,A0016@uow.edu.my,0,27
A0016,LeBron James,Jan-24,BBMG3024N,Strategic Management,A-,,UEIS,A0016@uow.edu.my,3.7,78
A0016,LeBron James,Jan-24,BBMG2014N,Organizational Behaviour,A-,,UEIS,A0016@uow.edu.my,3.7,78
A0016,LeBron James,Jan-24,XBMC3014N,Internet and Web Development,B+,,UEIS,A0016@uow.edu.my,3.3,73
A0017,LeBron James,Oct-23,MPU3183N,Penghayatan Etika dan Peradaban,D,Exempted without Credit Transfer,UEIS,A0017@uow.edu.my,1,46
A0017,LeBron James,Oct-23,KBEN1033N,Oral Communication,A+,,UEIS,A0017@uow.edu.my,4,96
A0017,LeBron James,Oct-23,XBCS1043N,Computing Mathematics,B+,,UEIS,A0017@uow.edu.my,3.3,71
A0017,LeBron James,Oct-23,XBCS1143N,Application Development,B,,UEIS,A0017@uow.edu.my,3,68
A0017,LeBron James,Oct-23,XBCS1183N,Database Management & Security,F,Retaking this semester,UEIS,A0017@uow.edu.my,0,35
A0017,LeBron James,Oct-23,MPU3333N,Integrity and Anti Corruption,A-,,UEIS,A0017@uow.edu.my,3.7,76
A0017,LeBron James,Oct-23,MPU3323N,Malaysia and Global Issues,D,Exempted without Credit Transfer,UEIS,A0017@uow.edu.my,1,45
A0017,LeBron James,Oct-23,MPU3193N,Philosophy and Current Issues,B-,,UEIS,A0017@uow.edu.my,,
A0017,LeBron James,Oct-23,XBCS1123N,Statistics,F,Retaking this semester,UEIS,A0017@uow.edu.my,0,41
A0017,LeBron James,Oct-23,XBCS1153N,System Analysis and Design,A-,,UEIS,A0017@uow.edu.my,3.7,75
A0017,LeBron James,Oct-23,XBIS1034N,Foundation of Information Systems,A-,,UEIS,A0017@uow.edu.my,3.7,76
A0017,LeBron James,Oct-23,XBCS2103N,Fundamentals of Object Oriented Programming,B-,,UEIS,A0017@uow.edu.my,,
A0017,LeBron James,Oct-23,XBIS1044N,Enterprise Information Systems,A,,UEIS,A0017@uow.edu.my,4,80
A0017,LeBron James,Oct-23,XBCS2163N,Database Management Systems,A-,,UEIS,A0017@uow.edu.my,3.7,77
A0017,LeBron James,Oct-23,XBIS2054N,Data Science,A+,,UEIS,A0017@uow.edu.my,4,93
A0017,LeBron James,Oct-23,XBCS2013N,Principles of Software Engineering,A-,,UEIS,A0017@uow.edu.my,3.7,78
A0017,LeBron James,Oct-23,MPU3243N,Entrepreneurship,B+,,UEIS,A0017@uow.edu.my,3.3,71
A0017,LeBron James,Oct-23,XBCS2193N,HCI & User Experience,A-,,UEIS,A0017@uow.edu.my,3.7,76
A0017,LeBron James,Oct-23,MPU3242N,Global Social Responsibility,A,,UEIS,A0017@uow.edu.my,4,82
A0017,LeBron James,Oct-23,XBIS2044N,Enterprise Architecture,A-,,UEIS,A0017@uow.edu.my,3.7,78
A0017,LeBron James,Oct-23,XBIS3044N,Information System Strategy & Management,B+,,UEIS,A0017@uow.edu.my,3.3,73
A0017,LeBron James,Oct-23,XBIS3034N,Business Process Management,A+,,UEIS,A0017@uow.edu.my,4,93
A0017,LeBron James,Oct-23,XBSE2044N,IT Project Management,A+,,UEIS,A0017@uow.edu.my,4,97
A0017,LeBron James,Oct-23,XBCS2054N,Computer Ethics & Law,A,,UEIS,A0017@uow.edu.my,4,87
A0017,LeBron James,Oct-23,MPU3213,Bahasa Kebangsaan A,D,Exempted without Credit Transfer,UEIS,A0017@uow.edu.my,1,49
A0017,LeBron James,Oct-23,MPU3143N,Bahasa Melayu Komunikasi 2,A+,,UEIS,A0017@uow.edu.my,4,94
A0017,LeBron James,Oct-23,MPU3113,Hubungan Etnik,D,Exempted without Credit Transfer,UEIS,A0017@uow.edu.my,1,45
A0017,LeBron James,Oct-23,MPU3123N,Tamadun Islam & Tamadun Asia,D,Exempted without Credit Transfer,UEIS,A0017@uow.edu.my,1,45
A0017,LeBron James,Oct-23,KBRM3014N,Research Methodology,D,Exempted without Credit Transfer,UEIS,A0017@uow.edu.my,1,49
A0017,LeBron James,Oct-23,BBMK1014N,Principles of Marketing,F,Retaking this semester,UEIS,A0017@uow.edu.my,0,43
A0017,LeBron James,Oct-23,XBMC3014N,Internet and Web Development,F,Retaking this semester,UEIS,A0017@uow.edu.my,0,25
A0018,Lionel Messi,Oct-23,MPU3183N,Penghayatan Etika dan Peradaban,A-,,UEIS,A0018@uow.edu.my,3.7,75
A0018,Lionel Messi,Oct-23,KBEN1033N,Oral Communication,B+,,UEIS,A0018@uow.edu.my,3.3,70
A0018,Lionel Messi,Oct-23,XBCS1043N,Computing Mathematics,C,,UEIS,A0018@uow.edu.my,2,58
A0018,Lionel Messi,Oct-23,XBCS1143N,Application Development,C,,UEIS,A0018@uow.edu.my,2,55
A0018,Lionel Messi,Oct-23,MPU3333N,Integrity and Anti Corruption,A-,,UEIS,A0018@uow.edu.my,3.7,77
A0018,Lionel Messi,Oct-23,MPU3323N,Malaysia and Global Issues,D,Exempted without Credit Transfer,UEIS,A0018@uow.edu.my,1,45
A0018,Lionel Messi,Oct-23,MPU3193N,Philosophy and Current Issues,B-,,UEIS,A0018@uow.edu.my,,
A0018,Lionel Messi,Oct-23,XBCS1123N,Statistics,F,Retaking this semester,UEIS,A0018@uow.edu.my,0,39
A0018,Lionel Messi,Oct-23,XBCS1153N,System Analysis and Design,B-,,UEIS,A0018@uow.edu.my,,
A0018,Lionel Messi,Oct-23,XBIS1034N,Foundation of Information Systems,B+,,UEIS,A0018@uow.edu.my,3.3,73
A0018,Lionel Messi,Oct-23,XBCS2103N,Fundamentals of Object Oriented Programming,C,,UEIS,A0018@uow.edu.my,2,58
A0018,Lionel Messi,Oct-23,XBIS1044N,Enterprise Information Systems,B-,,UEIS,A0018@uow.edu.my,,
A0018,Lionel Messi,Oct-23,XBCS2163N,Database Management Systems,A,,UEIS,A0018@uow.edu.my,4,80
A0018,Lionel Messi,Oct-23,XBIS2054N,Data Science,B,,UEIS,A0018@uow.edu.my,3,65
A0018,Lionel Messi,Oct-23,XBCS2013N,Principles of Software Engineering,A-,,UEIS,A0018@uow.edu.my,3.7,77
A0018,Lionel Messi,Oct-23,MPU3243N,Entrepreneurship,A,,UEIS,A0018@uow.edu.my,4,83
A0018,Lionel Messi,Oct-23,XBCS2193N,HCI & User Experience,B+,,UEIS,A0018@uow.edu.my,3.3,71
A0018,Lionel Messi,Oct-23,XBIS3014N,Enterprise Systems,F,Retaking this semester,UEIS,A0018@uow.edu.my,0,18
A0018,Lionel Messi,Oct-23,MPU3242N,Global Social Responsibility,A,,UEIS,A0018@uow.edu.my,4,89
A0018,Lionel Messi,Oct-23,XBIS2044N,Enterprise Architecture,B+,,UEIS,A0018@uow.edu.my,3.3,74
A0018,Lionel Messi,Oct-23,XBIS3044N,Information System Strategy & Management,B,,UEIS,A0018@uow.edu.my,3,69
A0018,Lionel Messi,Oct-23,XBSE2044N,IT Project Management,B,,UEIS,A0018@uow.edu.my,3,68
A0018,Lionel Messi,Oct-23,XBCS2054N,Computer Ethics & Law,B-,,UEIS,A0018@uow.edu.my,,
A0018,Lionel Messi,Oct-23,MPU3123N,Tamadun Islam & Tamadun Asia,D,Exempted without Credit Transfer,UEIS,A0018@uow.edu.my,1,47
A0018,Lionel Messi,Oct-23,KBRM3014N,Research Methodology,D,Exempted without Credit Transfer,UEIS,A0018@uow.edu.my,1,49
A0018,Lionel Messi,Oct-23,BBLG2014N,Introduction to Logistic,F,Retaking this semester,UEIS,A0018@uow.edu.my,0,37
A0018,Lionel Messi,Oct-23,BBMG2014N,Organizational Behaviour,A,,UEIS,A0018@uow.edu.my,4,88
A0018,Lionel Messi,Oct-23,XBMC3014N,Internet and Web Development,F,Retaking this semester,UEIS,A0018@uow.edu.my,0,19
A0019,James LeBron,Sep-23,KBEN1033N,Oral Communication,A+,,UEIS,A0019@uow.edu.my,4,94
A0019,James LeBron,Sep-23,XBCS1043N,Computing Mathematics,C,,UEIS,A0019@uow.edu.my,2,56
A0019,James LeBron,Sep-23,XBCS1143N,Application Development,C,,UEIS,A0019@uow.edu.my,2,59
A0019,James LeBron,Sep-23,XBCS1183N,Database Management & Security,B+,,UEIS,A0019@uow.edu.my,3.3,71
A0019,James LeBron,Sep-23,MPU3333N,Integrity and Anti Corruption,N,To Take (n : registered for Next semester),UEIS,A0019@uow.edu.my,,
A0019,James LeBron,Sep-23,MPU3323N,Malaysia and Global Issues,D,Exempted without Credit Transfer,UEIS,A0019@uow.edu.my,1,47
A0019,James LeBron,Sep-23,MPU3193N,Philosophy and Current Issues,B+,,UEIS,A0019@uow.edu.my,3.3,74
A0019,James LeBron,Sep-23,XBCS1123N,Statistics,B-,,UEIS,A0019@uow.edu.my,,
A0019,James LeBron,Sep-23,XBCS1153N,System Analysis and Design,B+,,UEIS,A0019@uow.edu.my,3.3,72
A0019,James LeBron,Sep-23,XBIS1034N,Foundation of Information Systems,B,,UEIS,A0019@uow.edu.my,3,67
A0019,James LeBron,Sep-23,XBCS2103N,Fundamentals of Object Oriented Programming,C+,,UEIS,A0019@uow.edu.my,2,64
A0019,James LeBron,Sep-23,XBIS1044N,Enterprise Information Systems,A-,,UEIS,A0019@uow.edu.my,3.7,77
A0019,James LeBron,Sep-23,XBCS2163N,Database Management Systems,B,,UEIS,A0019@uow.edu.my,3,65
A0019,James LeBron,Sep-23,XBIS2054N,Data Science,A,,UEIS,A0019@uow.edu.my,4,83
A0019,James LeBron,Sep-23,XBCS2013N,Principles of Software Engineering,B,,UEIS,A0019@uow.edu.my,3,66
A0019,James LeBron,Sep-23,MPU3243N,Entrepreneurship,A,,UEIS,A0019@uow.edu.my,4,82
A0019,James LeBron,Sep-23,XBCS2193N,HCI & User Experience,F,Retaking this semester,UEIS,A0019@uow.edu.my,0,10
A0019,James LeBron,Sep-23,XBIS3014N,Enterprise Systems,A-,,UEIS,A0019@uow.edu.my,3.7,75
A0019,James LeBron,Sep-23,MPU3242N,Global Social Responsibility,B+,,UEIS,A0019@uow.edu.my,3.3,73
A0019,James LeBron,Sep-23,XBIS2044N,Enterprise Architecture,B-,,UEIS,A0019@uow.edu.my,,
A0019,James LeBron,Sep-23,XBIS3044N,Information System Strategy & Management,A-,,UEIS,A0019@uow.edu.my,3.7,77
A0019,James LeBron,Sep-23,XBIS3034N,Business Process Management,A,,UEIS,A0019@uow.edu.my,4,85
A0019,James LeBron,Sep-23,XBSE2044N,IT Project Management,A,,UEIS,A0019@uow.edu.my,4,88
A0019,James LeBron,Sep-23,XBCS2054N,Computer Ethics & Law,A,,UEIS,A0019@uow.edu.my,4,82
A0019,James LeBron,Sep-23,MPU3213,Bahasa Kebangsaan A,D,Exempted without Credit Transfer,UEIS,A0019@uow.edu.my,1,45
A0019,James LeBron,Sep-23,MPU3143N,Bahasa Melayu Komunikasi 2,D,Exempted without Credit Transfer,UEIS,A0019@uow.edu.my,1,46
A0019,James LeBron,Sep-23,MPU3113,Hubungan Etnik,D,Exempted without Credit Transfer,UEIS,A0019@uow.edu.my,1,46
A0019,James LeBron,Sep-23,MPU3123N,Tamadun Islam & Tamadun Asia,D,Exempted without Credit Transfer,UEIS,A0019@uow.edu.my,1,47
A0019,James LeBron,Sep-23,KBRM3014N,Research Methodology,D,Exempted without Credit Transfer,UEIS,A0019@uow.edu.my,1,48
A0019,James LeBron,Sep-23,BBMK1014N,Principles of Marketing,F,Retaking this semester,UEIS,A0019@uow.edu.my,0,19
A0019,James LeBron,Sep-23,BBMG2014N,Organizational Behaviour,A-,,UEIS,A0019@uow.edu.my,3.7,75
A0019,James LeBron,Sep-23,XBMC3014N,Internet and Web Development,A,,UEIS,A0019@uow.edu.my,4,86
A0020,Max Verstappen,Jul-23,KBEN1033N,Oral Communication,B+,,UEIS,A0020@uow.edu.my,3.3,72
A0020,Max Verstappen,Jul-23,XBCS1043N,Computing Mathematics,C+,,UEIS,A0020@uow.edu.my,2,61
A0020,Max Verstappen,Jul-23,XBCS1143N,Application Development,C+,,UEIS,A0020@uow.edu.my,2,62
A0020,Max Verstappen,Jul-23,XBCS1183N,Database Management & Security,B,,UEIS,A0020@uow.edu.my,3,68
A0020,Max Verstappen,Jul-23,MPU3333N,Integrity and Anti Corruption,D,Exempted without Credit Transfer,UEIS,A0020@uow.edu.my,1,47
A0020,Max Verstappen,Jul-23,MPU3323N,Malaysia and Global Issues,A,,UEIS,A0020@uow.edu.my,4,88
A0020,Max Verstappen,Jul-23,MPU3193N,Philosophy and Current Issues,B,,UEIS,A0020@uow.edu.my,3,68
A0020,Max Verstappen,Jul-23,XBCS1123N,Statistics,B,,UEIS,A0020@uow.edu.my,3,69
A0020,Max Verstappen,Jul-23,XBCS1153N,System Analysis and Design,B,,UEIS,A0020@uow.edu.my,3,69
A0020,Max Verstappen,Jul-23,XBIS1034N,Foundation of Information Systems,B+,,UEIS,A0020@uow.edu.my,3.3,74
A0020,Max Verstappen,Jul-23,XBCS2103N,Fundamentals of Object Oriented Programming,B-,,UEIS,A0020@uow.edu.my,,
A0020,Max Verstappen,Jul-23,XBIS1044N,Enterprise Information Systems,A-,,UEIS,A0020@uow.edu.my,3.7,77
A0020,Max Verstappen,Jul-23,XBCS2163N,Database Management Systems,B+,,UEIS,A0020@uow.edu.my,3.3,74
A0020,Max Verstappen,Jul-23,XBIS2054N,Data Science,A-,,UEIS,A0020@uow.edu.my,3.7,79
A0020,Max Verstappen,Jul-23,XBCS2013N,Principles of Software Engineering,A,,UEIS,A0020@uow.edu.my,4,86
A0020,Max Verstappen,Jul-23,MPU3243N,Entrepreneurship,A-,,UEIS,A0020@uow.edu.my,3.7,77
A0020,Max Verstappen,Jul-23,XBCS2193N,HCI & User Experience,F,Retaking this semester,UEIS,A0020@uow.edu.my,0,29
A0020,Max Verstappen,Jul-23,XBIS2014N,IT Infrastructure,A-,,UEIS,A0020@uow.edu.my,3.7,79
A0020,Max Verstappen,Jul-23,XBIS3014N,Enterprise Systems,A,,UEIS,A0020@uow.edu.my,4,84
A0020,Max Verstappen,Jul-23,MPU3242N,Global Social Responsibility,A,,UEIS,A0020@uow.edu.my,4,87
A0020,Max Verstappen,Jul-23,XBIS2044N,Enterprise Architecture,B+,,UEIS,A0020@uow.edu.my,3.3,71
A0020,Max Verstappen,Jul-23,XBIS3044N,Information System Strategy & Management,A-,,UEIS,A0020@uow.edu.my,3.7,77
A0020,Max Verstappen,Jul-23,XBIS3034N,Business Process Management,B+,,UEIS,A0020@uow.edu.my,3.3,74
A0020,Max Verstappen,Jul-23,XBSE2044N,IT Project Management,B,,UEIS,A0020@uow.edu.my,3,65
A0020,Max Verstappen,Jul-23,XBCS2054N,Computer Ethics & Law,A-,,UEIS,A0020@uow.edu.my,3.7,79
A0020,Max Verstappen,Jul-23,XBFP3074M,Final Year Project 1,F,Retaking this semester,UEIS,A0020@uow.edu.my,0,44
A0020,Max Verstappen,Jul-23,MPU3123N,Tamadun Islam & Tamadun Asia,D,Exempted without Credit Transfer,UEIS,A0020@uow.edu.my,1,49
A0020,Max Verstappen,Jul-23,KBRM3014N,Research Methodology,D,Exempted without Credit Transfer,UEIS,A0020@uow.edu.my,1,47
A0020,Max Verstappen,Jul-23,BBMK1014N,Principles of Marketing,F,Retaking this semester,UEIS,A0020@uow.edu.my,0,27
A0020,Max Verstappen,Jul-23,BBMG2014N,Organizational Behaviour,B+,,UEIS,A0020@uow.edu.my,3.3,73
A0020,Max Verstappen,Jul-23,XBMC3014N,Internet and Web Development,B-,,UEIS,A0020@uow.edu.my,,
A0021,Naomi Osaka,May-23,KBEN1033N,Oral Communication,A,,UEIS,A0021@uow.edu.my,4,84
A0021,Naomi Osaka,May-23,XBCS1043N,Computing Mathematics,C,,UEIS,A0021@uow.edu.my,2,58
A0021,Naomi Osaka,May-23,XBCS1143N,Application Development,C,,UEIS,A0021@uow.edu.my,2,56
A0021,Naomi Osaka,May-23,XBCS1183N,Database Management & Security,A+,,UEIS,A0021@uow.edu.my,4,99
A0021,Naomi Osaka,May-23,MPU3333N,Integrity and Anti Corruption,N,To Take (n : registered for Next semester),UEIS,A0021@uow.edu.my,,
A0021,Naomi Osaka,May-23,MPU3323N,Malaysia and Global Issues,D,Exempted without Credit Transfer,UEIS,A0021@uow.edu.my,1,49
A0021,Naomi Osaka,May-23,MPU3193N,Philosophy and Current Issues,A,,UEIS,A0021@uow.edu.my,4,84
A0021,Naomi Osaka,May-23,XBCS1123N,Statistics,B+,,UEIS,A0021@uow.edu.my,3.3,71
A0021,Naomi Osaka,May-23,XBCS1153N,System Analysis and Design,A,,UEIS,A0021@uow.edu.my,4,81
A0021,Naomi Osaka,May-23,XBIS1034N,Foundation of Information Systems,B+,,UEIS,A0021@uow.edu.my,3.3,71
A0021,Naomi Osaka,May-23,XBCS2103N,Fundamentals of Object Oriented Programming,C+,,UEIS,A0021@uow.edu.my,2,60
A0021,Naomi Osaka,May-23,XBIS1044N,Enterprise Information Systems,A-,,UEIS,A0021@uow.edu.my,3.7,79
A0021,Naomi Osaka,May-23,XBCS2163N,Database Management Systems,A+,,UEIS,A0021@uow.edu.my,4,90
A0021,Naomi Osaka,May-23,XBIS2054N,Data Science,A+,,UEIS,A0021@uow.edu.my,4,99
A0021,Naomi Osaka,May-23,XBCS2013N,Principles of Software Engineering,A+,,UEIS,A0021@uow.edu.my,4,96
A0021,Naomi Osaka,May-23,MPU3243N,Entrepreneurship,A+,,UEIS,A0021@uow.edu.my,4,94
A0021,Naomi Osaka,May-23,XBCS2193N,HCI & User Experience,A,,UEIS,A0021@uow.edu.my,4,84
A0021,Naomi Osaka,May-23,XBIS2014N,IT Infrastructure,A,,UEIS,A0021@uow.edu.my,4,84
A0021,Naomi Osaka,May-23,XBIS3014N,Enterprise Systems,A+,,UEIS,A0021@uow.edu.my,4,92
A0021,Naomi Osaka,May-23,MPU3242N,Global Social Responsibility,A,,UEIS,A0021@uow.edu.my,4,85
A0021,Naomi Osaka,May-23,XBIS2044N,Enterprise Architecture,A+,,UEIS,A0021@uow.edu.my,4,96
A0021,Naomi Osaka,May-23,XBIS3044N,Information System Strategy & Management,A+,,UEIS,A0021@uow.edu.my,4,99
A0021,Naomi Osaka,May-23,XBIS3034N,Business Process Management,A+,,UEIS,A0021@uow.edu.my,4,91
A0021,Naomi Osaka,May-23,XBSE2044N,IT Project Management,A+,,UEIS,A0021@uow.edu.my,4,93
A0021,Naomi Osaka,May-23,XBCS2054N,Computer Ethics & Law,A,,UEIS,A0021@uow.edu.my,4,87
A0021,Naomi Osaka,May-23,XBFP3074M,Final Year Project 1,F,Retaking this semester,UEIS,A0021@uow.edu.my,0,39
A0021,Naomi Osaka,May-23,MPU3213,Bahasa Kebangsaan A,D,Exempted without Credit Transfer,UEIS,A0021@uow.edu.my,1,49
A0021,Naomi Osaka,May-23,MPU3123N,Tamadun Islam & Tamadun Asia,D,Exempted without Credit Transfer,UEIS,A0021@uow.edu.my,1,47
A0021,Naomi Osaka,May-23,KBRM3014N,Research Methodology,D,Exempted without Credit Transfer,UEIS,A0021@uow.edu.my,1,48
A0021,Naomi Osaka,May-23,BBLG2014N,Introduction to Logistic,F,Retaking this semester,UEIS,A0021@uow.edu.my,0,14
A0021,Naomi Osaka,May-23,BBMG3024N,Strategic Management,A,,UEIS,A0021@uow.edu.my,4,86
A0021,Naomi Osaka,May-23,BBMG2014N,Organizational Behaviour,A,,UEIS,A0021@uow.edu.my,4,83
A0021,Naomi Osaka,May-23,XBMC3014N,Internet and Web Development,B+,,UEIS,A0021@uow.edu.my,3.3,73
A0022,Novak Djokovic,Mar-23,MPU3183N,Penghayatan Etika dan Peradaban,B+,,UEIS,A0022@uow.edu.my,3.3,70
A0022,Novak Djokovic,Mar-23,KBEN1033N,Oral Communication,A+,,UEIS,A0022@uow.edu.my,4,93
A0022,Novak Djokovic,Mar-23,XBCS1043N,Computing Mathematics,B-,,UEIS,A0022@uow.edu.my,,
A0022,Novak Djokovic,Mar-23,XBCS1143N,Application Development,A-,,UEIS,A0022@uow.edu.my,3.7,77
A0022,Novak Djokovic,Mar-23,XBCS1183N,Database Management & Security,A-,,UEIS,A0022@uow.edu.my,3.7,75
A0022,Novak Djokovic,Mar-23,MPU3333N,Integrity and Anti Corruption,D,Exempted without Credit Transfer,UEIS,A0022@uow.edu.my,1,48
A0022,Novak Djokovic,Mar-23,MPU3323N,Malaysia and Global Issues,B,,UEIS,A0022@uow.edu.my,3,66
A0022,Novak Djokovic,Mar-23,MPU3193N,Philosophy and Current Issues,B,,UEIS,A0022@uow.edu.my,3,66
A0022,Novak Djokovic,Mar-23,XBCS1123N,Statistics,F,Retaking this semester,UEIS,A0022@uow.edu.my,0,41
A0022,Novak Djokovic,Mar-23,XBCS1153N,System Analysis and Design,A,,UEIS,A0022@uow.edu.my,4,84
A0022,Novak Djokovic,Mar-23,XBIS1034N,Foundation of Information Systems,A,,UEIS,A0022@uow.edu.my,4,84
A0022,Novak Djokovic,Mar-23,XBCS2103N,Fundamentals of Object Oriented Programming,B+,,UEIS,A0022@uow.edu.my,3.3,73
A0022,Novak Djokovic,Mar-23,XBIS1044N,Enterprise Information Systems,CT,Credit Transferred,UEIS,A0022@uow.edu.my,,
A0022,Novak Djokovic,Mar-23,XBCS2163N,Database Management Systems,A,,UEIS,A0022@uow.edu.my,4,85
A0022,Novak Djokovic,Mar-23,XBIS2054N,Data Science,A,,UEIS,A0022@uow.edu.my,4,85
A0022,Novak Djokovic,Mar-23,XBCS2013N,Principles of Software Engineering,A,,UEIS,A0022@uow.edu.my,4,83
A0022,Novak Djokovic,Mar-23,XBCS2193N,HCI & User Experience,CT,Credit Transferred,UEIS,A0022@uow.edu.my,,
A0022,Novak Djokovic,Mar-23,XBIS3014N,Enterprise Systems,F,Retaking this semester,UEIS,A0022@uow.edu.my,0,15
A0022,Novak Djokovic,Mar-23,MPU3242N,Global Social Responsibility,B+,,UEIS,A0022@uow.edu.my,3.3,70
A0022,Novak Djokovic,Mar-23,XBIS3044N,Information System Strategy & Management,F,Retaking this semester,UEIS,A0022@uow.edu.my,0,33
A0022,Novak Djokovic,Mar-23,XBIS3034N,Business Process Management,A,,UEIS,A0022@uow.edu.my,4,85
A0022,Novak Djokovic,Mar-23,XBSE2044N,IT Project Management,B+,,UEIS,A0022@uow.edu.my,3.3,73
A0022,Novak Djokovic,Mar-23,MPU3123N,Tamadun Islam & Tamadun Asia,D,Exempted without Credit Transfer,UEIS,A0022@uow.edu.my,1,49
A0022,Novak Djokovic,Mar-23,KBRM3014N,Research Methodology,D,Exempted without Credit Transfer,UEIS,A0022@uow.edu.my,1,48
A0022,Novak Djokovic,Mar-23,BBFN1014N,Principles of Finance,B+,,UEIS,A0022@uow.edu.my,3.3,71
A0022,Novak Djokovic,Mar-23,BBLG2014N,Introduction to Logistic,F,Retaking this semester,UEIS,A0022@uow.edu.my,0,30
A0022,Novak Djokovic,Mar-23,BBMG2014N,Organizational Behaviour,A-,,UEIS,A0022@uow.edu.my,3.7,76
A0022,Novak Djokovic,Mar-23,XBMC3014N,Internet and Web Development,CT,Credit Transferred,UEIS,A0022@uow.edu.my,,
A0022,Novak Djokovic,Mar-23,XBIS2034N,E-Commerce,CT,Credit Transferred,UEIS,A0022@uow.edu.my,,
A0023,Olivia Rodrigo,Jan-23,MPU3183N,Penghayatan Etika dan Peradaban,B-,,UEIS,A0023@uow.edu.my,,
A0023,Olivia Rodrigo,Jan-23,KBEN1033N,Oral Communication,B+,,UEIS,A0023@uow.edu.my,3.3,72
A0023,Olivia Rodrigo,Jan-23,XBCS1043N,Computing Mathematics,C+,,UEIS,A0023@uow.edu.my,2,63
A0023,Olivia Rodrigo,Jan-23,XBCS1143N,Application Development,C,,UEIS,A0023@uow.edu.my,2,57
A0023,Olivia Rodrigo,Jan-23,XBCS1183N,Database Management & Security,B+,,UEIS,A0023@uow.edu.my,3.3,73
A0023,Olivia Rodrigo,Jan-23,MPU3333N,Integrity and Anti Corruption,D,Exempted without Credit Transfer,UEIS,A0023@uow.edu.my,1,45
A0023,Olivia Rodrigo,Jan-23,MPU3323N,Malaysia and Global Issues,A-,,UEIS,A0023@uow.edu.my,3.7,75
A0023,Olivia Rodrigo,Jan-23,MPU3193N,Philosophy and Current Issues,B-,,UEIS,A0023@uow.edu.my,,
A0023,Olivia Rodrigo,Jan-23,XBCS1123N,Statistics,C,,UEIS,A0023@uow.edu.my,2,58
A0023,Olivia Rodrigo,Jan-23,XBCS1153N,System Analysis and Design,B+,,UEIS,A0023@uow.edu.my,3.3,71
A0023,Olivia Rodrigo,Jan-23,XBIS1034N,Foundation of Information Systems,B+,,UEIS,A0023@uow.edu.my,3.3,71
A0023,Olivia Rodrigo,Jan-23,XBCS2103N,Fundamentals of Object Oriented Programming,C,,UEIS,A0023@uow.edu.my,2,55
A0023,Olivia Rodrigo,Jan-23,XBIS1044N,Enterprise Information Systems,A-,,UEIS,A0023@uow.edu.my,3.7,79
A0023,Olivia Rodrigo,Jan-23,XBCS2163N,Database Management Systems,A-,,UEIS,A0023@uow.edu.my,3.7,75
A0023,Olivia Rodrigo,Jan-23,XBIS2054N,Data Science,A-,,UEIS,A0023@uow.edu.my,3.7,78
A0023,Olivia Rodrigo,Jan-23,XBCS2013N,Principles of Software Engineering,A-,,UEIS,A0023@uow.edu.my,3.7,79.6
A0023,Olivia Rodrigo,Jan-23,MPU3243N,Entrepreneurship,A,,UEIS,A0023@uow.edu.my,4,88
A0023,Olivia Rodrigo,Jan-23,XBCS2193N,HCI & User Experience,A-,,UEIS,A0023@uow.edu.my,3.7,79
A0023,Olivia Rodrigo,Jan-23,XBIS2014N,IT Infrastructure,A-,,UEIS,A0023@uow.edu.my,3.7,76
A0023,Olivia Rodrigo,Jan-23,XBIS3014N,Enterprise Systems,A,,UEIS,A0023@uow.edu.my,4,85
A0023,Olivia Rodrigo,Jan-23,MPU3242N,Global Social Responsibility,B+,,UEIS,A0023@uow.edu.my,3.3,70
A0023,Olivia Rodrigo,Jan-23,XBIS2044N,Enterprise Architecture,A-,,UEIS,A0023@uow.edu.my,3.7,78
A0023,Olivia Rodrigo,Jan-23,XBIS3044N,Information System Strategy & Management,A+,,UEIS,A0023@uow.edu.my,4,96
A0023,Olivia Rodrigo,Jan-23,XBIS3034N,Business Process Management,A+,,UEIS,A0023@uow.edu.my,4,95
A0023,Olivia Rodrigo,Jan-23,XBSE2044N,IT Project Management,A,,UEIS,A0023@uow.edu.my,4,81
A0023,Olivia Rodrigo,Jan-23,XBCS2054N,Computer Ethics & Law,A-,,UEIS,A0023@uow.edu.my,3.7,78
A0023,Olivia Rodrigo,Jan-23,MPU3123N,Tamadun Islam & Tamadun Asia,D,Exempted without Credit Transfer,UEIS,A0023@uow.edu.my,1,45
A0023,Olivia Rodrigo,Jan-23,KBRM3014N,Research Methodology,D,Exempted without Credit Transfer,UEIS,A0023@uow.edu.my,1,47
A0023,Olivia Rodrigo,Jan-23,BBLG2034N,Supply Chain Management,F,Retaking this semester,UEIS,A0023@uow.edu.my,0,1
A0023,Olivia Rodrigo,Jan-23,BBMG3024N,Strategic Management,B+,,UEIS,A0023@uow.edu.my,3.3,71
A0023,Olivia Rodrigo,Jan-23,XBCS2094N,GUI Programming,F,Retaking this semester,UEIS,A0023@uow.edu.my,0,53
A0023,Olivia Rodrigo,Jan-23,XBCS2064N,Integrative Consultancy Project,F,Retaking this semester,UEIS,A0023@uow.edu.my,0,31
A0023,Olivia Rodrigo,Jan-23,XBMC3014N,Internet and Web Development,B+,,UEIS,A0023@uow.edu.my,3.3,72
A0024,Pedro Pascal,Sep-22,MPU3183N,Penghayatan Etika dan Peradaban,C+,,UEIS,A0024@uow.edu.my,2,64
A0024,Pedro Pascal,Sep-22,KBEN1033N,Oral Communication,A,,UEIS,A0024@uow.edu.my,4,87
A0024,Pedro Pascal,Sep-22,XBCS1043N,Computing Mathematics,C+,,UEIS,A0024@uow.edu.my,2,62
A0024,Pedro Pascal,Sep-22,XBCS1143N,Application Development,C,,UEIS,A0024@uow.edu.my,2,58
A0024,Pedro Pascal,Sep-22,XBCS1183N,Database Management & Security,A-,,UEIS,A0024@uow.edu.my,3.7,76
A0024,Pedro Pascal,Sep-22,MPU3333N,Integrity and Anti Corruption,D,Exempted without Credit Transfer,UEIS,A0024@uow.edu.my,1,48
A0024,Pedro Pascal,Sep-22,MPU3323N,Malaysia and Global Issues,B+,,UEIS,A0024@uow.edu.my,3.3,74
A0024,Pedro Pascal,Sep-22,MPU3193N,Philosophy and Current Issues,B,,UEIS,A0024@uow.edu.my,3,66
A0024,Pedro Pascal,Sep-22,XBCS1123N,Statistics,F,Retaking this semester,UEIS,A0024@uow.edu.my,0,18
A0024,Pedro Pascal,Sep-22,XBCS1153N,System Analysis and Design,B+,,UEIS,A0024@uow.edu.my,3.3,70
A0024,Pedro Pascal,Sep-22,XBIS1034N,Foundation of Information Systems,A,,UEIS,A0024@uow.edu.my,4,89
A0024,Pedro Pascal,Sep-22,XBCS2103N,Fundamentals of Object Oriented Programming,C+,,UEIS,A0024@uow.edu.my,2,63
A0024,Pedro Pascal,Sep-22,XBIS1044N,Enterprise Information Systems,A,,UEIS,A0024@uow.edu.my,4,84
A0024,Pedro Pascal,Sep-22,XBCS2163N,Database Management Systems,A-,,UEIS,A0024@uow.edu.my,3.7,79
A0024,Pedro Pascal,Sep-22,XBIS2054N,Data Science,A,,UEIS,A0024@uow.edu.my,4,83
A0024,Pedro Pascal,Sep-22,XBCS2013N,Principles of Software Engineering,A-,,UEIS,A0024@uow.edu.my,3.7,75
A0024,Pedro Pascal,Sep-22,MPU3243N,Entrepreneurship,A,,UEIS,A0024@uow.edu.my,4,87
A0024,Pedro Pascal,Sep-22,XBCS2193N,HCI & User Experience,B+,,UEIS,A0024@uow.edu.my,3.3,71
A0024,Pedro Pascal,Sep-22,XBIS2014N,IT Infrastructure,A-,,UEIS,A0024@uow.edu.my,3.7,76
A0024,Pedro Pascal,Sep-22,XBIS3014N,Enterprise Systems,F,Retaking this semester,UEIS,A0024@uow.edu.my,0,30
A0024,Pedro Pascal,Sep-22,MPU3242N,Global Social Responsibility,A-,,UEIS,A0024@uow.edu.my,3.7,75
A0024,Pedro Pascal,Sep-22,XBIS2044N,Enterprise Architecture,A,,UEIS,A0024@uow.edu.my,4,82
A0024,Pedro Pascal,Sep-22,XBIS3044N,Information System Strategy & Management,F,Retaking this semester,UEIS,A0024@uow.edu.my,0,37
A0024,Pedro Pascal,Sep-22,XBSE2044N,IT Project Management,CT,Credit Transferred,UEIS,A0024@uow.edu.my,,
A0024,Pedro Pascal,Sep-22,XBFP3074M,Final Year Project 1,F,Retaking this semester,UEIS,A0024@uow.edu.my,0,22
A0024,Pedro Pascal,Sep-22,MPU3123N,Tamadun Islam & Tamadun Asia,D,Exempted without Credit Transfer,UEIS,A0024@uow.edu.my,1,47
A0024,Pedro Pascal,Sep-22,KBRM3014N,Research Methodology,D,Exempted without Credit Transfer,UEIS,A0024@uow.edu.my,1,48
A0024,Pedro Pascal,Sep-22,BBFN1014N,Principles of Finance,B-,,UEIS,A0024@uow.edu.my,,
A0024,Pedro Pascal,Sep-22,BBMG3024N,Strategic Management,A-,,UEIS,A0024@uow.edu.my,3.7,77
A0024,Pedro Pascal,Sep-22,BBMG2014N,Organizational Behaviour,A-,,UEIS,A0024@uow.edu.my,3.7,75
A0024,Pedro Pascal,Sep-22,XBCS2094N,GUI Programming,CT,Credit Transferred,UEIS,A0024@uow.edu.my,,
A0024,Pedro Pascal,Sep-22,XBMC3014N,Internet and Web Development,CT,Credit Transferred,UEIS,A0024@uow.edu.my,,
A0024,Pedro Pascal,Sep-22,XBIS2034N,E-Commerce,CT,Credit Transferred,UEIS,A0024@uow.edu.my,,
A0025,Simone Biles,Sep-22,MPU3183N,Penghayatan Etika dan Peradaban,B-,,UEIS,A0025@uow.edu.my,,
A0025,Simone Biles,Sep-22,KBEN1033N,Oral Communication,B+,,UEIS,A0025@uow.edu.my,3.3,73
A0025,Simone Biles,Sep-22,XBCS1043N,Computing Mathematics,F,Retaking this semester,UEIS,A0025@uow.edu.my,0,38
A0025,Simone Biles,Sep-22,XBCS1143N,Application Development,C,,UEIS,A0025@uow.edu.my,2,55
A0025,Simone Biles,Sep-22,XBCS1183N,Database Management & Security,F,Retaking this semester,UEIS,A0025@uow.edu.my,0,31
A0025,Simone Biles,Sep-22,MPU3333N,Integrity and Anti Corruption,D,Exempted without Credit Transfer,UEIS,A0025@uow.edu.my,1,49
A0025,Simone Biles,Sep-22,MPU3323N,Malaysia and Global Issues,B+,,UEIS,A0025@uow.edu.my,3.3,72
A0025,Simone Biles,Sep-22,XBCS1123N,Statistics,F,Retaking this semester,UEIS,A0025@uow.edu.my,0,19
A0025,Simone Biles,Sep-22,XBCS1153N,System Analysis and Design,C,,UEIS,A0025@uow.edu.my,2,55
A0025,Simone Biles,Sep-22,XBIS1034N,Foundation of Information Systems,B-,,UEIS,A0025@uow.edu.my,,
A0025,Simone Biles,Sep-22,XBCS2103N,Fundamentals of Object Oriented Programming,D,,UEIS,A0025@uow.edu.my,1,47
A0025,Simone Biles,Sep-22,XBIS1044N,Enterprise Information Systems,C+,,UEIS,A0025@uow.edu.my,2,64
A0025,Simone Biles,Sep-22,XBCS2163N,Database Management Systems,B,,UEIS,A0025@uow.edu.my,3,65
A0025,Simone Biles,Sep-22,XBIS2054N,Data Science,C,,UEIS,A0025@uow.edu.my,2,55
A0025,Simone Biles,Sep-22,XBCS2013N,Principles of Software Engineering,B-,,UEIS,A0025@uow.edu.my,,
A0025,Simone Biles,Sep-22,MPU3243N,Entrepreneurship,F,Retaking this semester,UEIS,A0025@uow.edu.my,0,22
A0025,Simone Biles,Sep-22,XBCS2193N,HCI & User Experience,C+,,UEIS,A0025@uow.edu.my,2,60
A0025,Simone Biles,Sep-22,XBIS2014N,IT Infrastructure,B-,,UEIS,A0025@uow.edu.my,,
A0025,Simone Biles,Sep-22,XBIS3014N,Enterprise Systems,C,,UEIS,A0025@uow.edu.my,2,56
A0025,Simone Biles,Sep-22,MPU3242N,Global Social Responsibility,B+,,UEIS,A0025@uow.edu.my,3.3,74
A0025,Simone Biles,Sep-22,XBIS2044N,Enterprise Architecture,C+,,UEIS,A0025@uow.edu.my,2,63
A0025,Simone Biles,Sep-22,XBIS3044N,Information System Strategy & Management,B-,,UEIS,A0025@uow.edu.my,,
A0025,Simone Biles,Sep-22,XBIS3034N,Business Process Management,B,,UEIS,A0025@uow.edu.my,3,67
A0025,Simone Biles,Sep-22,XBSE2044N,IT Project Management,B,,UEIS,A0025@uow.edu.my,3,68
A0025,Simone Biles,Sep-22,XBCS2054N,Computer Ethics & Law,C,,UEIS,A0025@uow.edu.my,2,59
A0025,Simone Biles,Sep-22,XBFP3074M,Final Year Project 1,B+,,UEIS,A0025@uow.edu.my,3.3,72
A0025,Simone Biles,Sep-22,XBFP3084N,Final Year Project 2,B,,UEIS,A0025@uow.edu.my,3,65
A0025,Simone Biles,Sep-22,MPU3213,Bahasa Kebangsaan A,P,,UEIS,A0025@uow.edu.my,,
A0025,Simone Biles,Sep-22,MPU3143N,Bahasa Melayu Komunikasi 2,D,Exempted without Credit Transfer,UEIS,A0025@uow.edu.my,1,45
A0025,Simone Biles,Sep-22,MPU3123N,Tamadun Islam & Tamadun Asia,D,Exempted without Credit Transfer,UEIS,A0025@uow.edu.my,1,49
A0025,Simone Biles,Sep-22,KBRM3014N,Research Methodology,D,Exempted without Credit Transfer,UEIS,A0025@uow.edu.my,1,47
A0025,Simone Biles,Sep-22,BBMK1014N,Principles of Marketing,F,Retaking this semester,UEIS,A0025@uow.edu.my,0,36
A0025,Simone Biles,Sep-22,BBLG2034N,Supply Chain Management,B+,,UEIS,A0025@uow.edu.my,3.3,72
A0025,Simone Biles,Sep-22,BBLG2014N,Introduction to Logistic,B,,UEIS,A0025@uow.edu.my,3,66
A0025,Simone Biles,Sep-22,XBCS2124N,Computational Intelligence,C,,UEIS,A0025@uow.edu.my,2,58
A0025,Simone Biles,Sep-22,XBMC3014N,Internet and Web Development,B+,,UEIS,A0025@uow.edu.my,3.3,71
A0026,Sydney Sweeney,Sep-22,MPU3183N,Penghayatan Etika dan Peradaban,B-,,UEIS,A0026@uow.edu.my,,
A0026,Sydney Sweeney,Sep-22,KBEN1033N,Oral Communication,A,,UEIS,A0026@uow.edu.my,4,81
A0026,Sydney Sweeney,Sep-22,XBCS1043N,Computing Mathematics,B-,,UEIS,A0026@uow.edu.my,,
A0026,Sydney Sweeney,Sep-22,XBCS1143N,Application Development,C,,UEIS,A0026@uow.edu.my,2,59
A0026,Sydney Sweeney,Sep-22,XBCS1183N,Database Management & Security,B,,UEIS,A0026@uow.edu.my,3,66
A0026,Sydney Sweeney,Sep-22,MPU3333N,Integrity and Anti Corruption,D,Exempted without Credit Transfer,UEIS,A0026@uow.edu.my,1,47
A0026,Sydney Sweeney,Sep-22,MPU3323N,Malaysia and Global Issues,B,,UEIS,A0026@uow.edu.my,3,67
A0026,Sydney Sweeney,Sep-22,MPU3193N,Philosophy and Current Issues,B-,,UEIS,A0026@uow.edu.my,,
A0026,Sydney Sweeney,Sep-22,XBCS1123N,Statistics,B,,UEIS,A0026@uow.edu.my,3,69
A0026,Sydney Sweeney,Sep-22,XBCS1153N,System Analysis and Design,B,,UEIS,A0026@uow.edu.my,3,65
A0026,Sydney Sweeney,Sep-22,XBIS1034N,Foundation of Information Systems,C+,,UEIS,A0026@uow.edu.my,2,60
A0026,Sydney Sweeney,Sep-22,XBCS2103N,Fundamentals of Object Oriented Programming,C,,UEIS,A0026@uow.edu.my,2,55
A0026,Sydney Sweeney,Sep-22,XBIS1044N,Enterprise Information Systems,C,,UEIS,A0026@uow.edu.my,2,56
A0026,Sydney Sweeney,Sep-22,XBCS2163N,Database Management Systems,C+,,UEIS,A0026@uow.edu.my,2,61
A0026,Sydney Sweeney,Sep-22,XBIS2054N,Data Science,C+,,UEIS,A0026@uow.edu.my,2,63
A0026,Sydney Sweeney,Sep-22,XBCS2013N,Principles of Software Engineering,C,,UEIS,A0026@uow.edu.my,2,59
A0026,Sydney Sweeney,Sep-22,MPU3243N,Entrepreneurship,B,,UEIS,A0026@uow.edu.my,3,65
A0026,Sydney Sweeney,Sep-22,XBCS2193N,HCI & User Experience,C+,,UEIS,A0026@uow.edu.my,2,63
A0026,Sydney Sweeney,Sep-22,XBIS2014N,IT Infrastructure,B-,,UEIS,A0026@uow.edu.my,,
A0026,Sydney Sweeney,Sep-22,XBIS3014N,Enterprise Systems,C,,UEIS,A0026@uow.edu.my,2,55
A0026,Sydney Sweeney,Sep-22,MPU3242N,Global Social Responsibility,B+,,UEIS,A0026@uow.edu.my,3.3,74
A0026,Sydney Sweeney,Sep-22,XBIS2044N,Enterprise Architecture,C+,,UEIS,A0026@uow.edu.my,2,60
A0026,Sydney Sweeney,Sep-22,XBIS3044N,Information System Strategy & Management,F,Retaking this semester,UEIS,A0026@uow.edu.my,0,38
A0026,Sydney Sweeney,Sep-22,XBIS3034N,Business Process Management,C+,,UEIS,A0026@uow.edu.my,2,63
A0026,Sydney Sweeney,Sep-22,XBSE2044N,IT Project Management,C+,,UEIS,A0026@uow.edu.my,2,61
A0026,Sydney Sweeney,Sep-22,XBCS2054N,Computer Ethics & Law,B,,UEIS,A0026@uow.edu.my,3,67
A0026,Sydney Sweeney,Sep-22,XBFP3074M,Final Year Project 1,B-,,UEIS,A0026@uow.edu.my,,
A0026,Sydney Sweeney,Sep-22,XBFP3084N,Final Year Project 2,N,To Take (n : registered for Next semester),UEIS,A0026@uow.edu.my,,
A0026,Sydney Sweeney,Sep-22,MPU3213,Bahasa Kebangsaan A,D,Exempted without Credit Transfer,UEIS,A0026@uow.edu.my,1,47
A0026,Sydney Sweeney,Sep-22,MPU3143N,Bahasa Melayu Komunikasi 2,D,Exempted without Credit Transfer,UEIS,A0026@uow.edu.my,1,49
A0026,Sydney Sweeney,Sep-22,MPU3123N,Tamadun Islam & Tamadun Asia,D,Exempted without Credit Transfer,UEIS,A0026@uow.edu.my,1,49
A0026,Sydney Sweeney,Sep-22,KBRM3014N,Research Methodology,D,Exempted without Credit Transfer,UEIS,A0026@uow.edu.my,1,46
A0026,Sydney Sweeney,Sep-22,BBMK1014N,Principles of Marketing,F,Retaking this semester,UEIS,A0026@uow.edu.my,0,32
A0026,Sydney Sweeney,Sep-22,BBLG2034N,Supply Chain Management,B,,UEIS,A0026@uow.edu.my,3,69
A0026,Sydney Sweeney,Sep-22,BBAC1024N,Management Accounting 1,F,Retaking this semester,UEIS,A0026@uow.edu.my,0,33
A0026,Sydney Sweeney,Sep-22,BBMG3024N,Strategic Management,B-,,UEIS,A0026@uow.edu.my,,
A0026,Sydney Sweeney,Sep-22,XBCS2124N,Computational Intelligence,C+,,UEIS,A0026@uow.edu.my,2,62
A0026,Sydney Sweeney,Sep-22,XBMC3014N,Internet and Web Development,B+,,UEIS,A0026@uow.edu.my,3.3,72
A0027,Brad Pitt,May-22,MPU3183N,Penghayatan Etika dan Peradaban,C+,,UEIS,A0027@uow.edu.my,2,61
A0027,Brad Pitt,May-22,KBEN1033N,Oral Communication,A,,UEIS,A0027@uow.edu.my,4,89
A0027,Brad Pitt,May-22,XBCS1043N,Computing Mathematics,B-,,UEIS,A0027@uow.edu.my,,
A0027,Brad Pitt,May-22,XBCS1143N,Application Development,B,,UEIS,A0027@uow.edu.my,3,66
A0027,Brad Pitt,May-22,XBCS1183N,Database Management & Security,A,,UEIS,A0027@uow.edu.my,4,82
A0027,Brad Pitt,May-22,MPU3333N,Integrity and Anti Corruption,D,Exempted without Credit Transfer,UEIS,A0027@uow.edu.my,1,45
A0027,Brad Pitt,May-22,MPU3323N,Malaysia and Global Issues,A-,,UEIS,A0027@uow.edu.my,3.7,79
A0027,Brad Pitt,May-22,MPU3193N,Philosophy and Current Issues,A-,,UEIS,A0027@uow.edu.my,3.7,75
A0027,Brad Pitt,May-22,XBCS1123N,Statistics,A-,,UEIS,A0027@uow.edu.my,3.7,75
A0027,Brad Pitt,May-22,XBCS1153N,System Analysis and Design,B+,,UEIS,A0027@uow.edu.my,3.3,72
A0027,Brad Pitt,May-22,XBIS1034N,Foundation of Information Systems,B+,,UEIS,A0027@uow.edu.my,3.3,72
A0027,Brad Pitt,May-22,XBCS2103N,Fundamentals of Object Oriented Programming,B-,,UEIS,A0027@uow.edu.my,,
A0027,Brad Pitt,May-22,XBIS1044N,Enterprise Information Systems,A-,,UEIS,A0027@uow.edu.my,3.7,75
A0027,Brad Pitt,May-22,XBCS2163N,Database Management Systems,B+,,UEIS,A0027@uow.edu.my,3.3,70
A0027,Brad Pitt,May-22,XBIS2054N,Data Science,B,,UEIS,A0027@uow.edu.my,3,65
A0027,Brad Pitt,May-22,XBCS2013N,Principles of Software Engineering,B+,,UEIS,A0027@uow.edu.my,3.3,73
A0027,Brad Pitt,May-22,MPU3243N,Entrepreneurship,A-,,UEIS,A0027@uow.edu.my,3.7,79
A0027,Brad Pitt,May-22,XBCS2193N,HCI & User Experience,B,,UEIS,A0027@uow.edu.my,3,67
A0027,Brad Pitt,May-22,XBIS2014N,IT Infrastructure,A,,UEIS,A0027@uow.edu.my,4,82
A0027,Brad Pitt,May-22,XBIS3014N,Enterprise Systems,A,,UEIS,A0027@uow.edu.my,4,80
A0027,Brad Pitt,May-22,MPU3242N,Global Social Responsibility,B+,,UEIS,A0027@uow.edu.my,3.3,70
A0027,Brad Pitt,May-22,XBIS2044N,Enterprise Architecture,B+,,UEIS,A0027@uow.edu.my,3.3,74
A0027,Brad Pitt,May-22,XBIS3044N,Information System Strategy & Management,A-,,UEIS,A0027@uow.edu.my,3.7,78
A0027,Brad Pitt,May-22,XBIS3034N,Business Process Management,A-,,UEIS,A0027@uow.edu.my,3.7,77
A0027,Brad Pitt,May-22,XBSE2044N,IT Project Management,A-,,UEIS,A0027@uow.edu.my,3.7,78
A0027,Brad Pitt,May-22,XBCS2054N,Computer Ethics & Law,B+,,UEIS,A0027@uow.edu.my,3.3,71
A0027,Brad Pitt,May-22,XBFP3074M,Final Year Project 1,A-,,UEIS,A0027@uow.edu.my,3.7,78
A0027,Brad Pitt,May-22,XBFP3084N,Final Year Project 2,A-,,UEIS,A0027@uow.edu.my,3.7,75
A0027,Brad Pitt,May-22,XBIN3018N,Internship,N,To Take (n : registered for Next semester),UEIS,A0027@uow.edu.my,,
A0027,Brad Pitt,May-22,MPU3213,Bahasa Kebangsaan A,D,Exempted without Credit Transfer,UEIS,A0027@uow.edu.my,1,46
A0027,Brad Pitt,May-22,MPU3143N,Bahasa Melayu Komunikasi 2,D,Exempted without Credit Transfer,UEIS,A0027@uow.edu.my,1,47
A0027,Brad Pitt,May-22,MPU3123N,Tamadun Islam & Tamadun Asia,D,Exempted without Credit Transfer,UEIS,A0027@uow.edu.my,1,45
A0027,Brad Pitt,May-22,KBRM3014N,Research Methodology,D,Exempted without Credit Transfer,UEIS,A0027@uow.edu.my,1,46
A0027,Brad Pitt,May-22,BBFN1014N,Principles of Finance,B+,,UEIS,A0027@uow.edu.my,3.3,74
A0027,Brad Pitt,May-22,BBLG2034N,Supply Chain Management,A,,UEIS,A0027@uow.edu.my,4,82
A0027,Brad Pitt,May-22,BBMG3024N,Strategic Management,B+,,UEIS,A0027@uow.edu.my,3.3,71
A0027,Brad Pitt,May-22,BBMG2014N,Organizational Behaviour,A-,,UEIS,A0027@uow.edu.my,3.7,79
A0027,Brad Pitt,May-22,XBCS2124N,Computational Intelligence,A,,UEIS,A0027@uow.edu.my,4,87
A0027,Brad Pitt,May-22,XBMC3014N,Internet and Web Development,A,,UEIS,A0027@uow.edu.my,4,81
A0028,Taylor Swift,May-22,MPU3183N,Penghayatan Etika dan Peradaban,A-,,UEIS,A0028@uow.edu.my,3.7,78
A0028,Taylor Swift,May-22,KBEN1033N,Oral Communication,CT,Credit Transferred,UEIS,A0028@uow.edu.my,,
A0028,Taylor Swift,May-22,XBCS1043N,Computing Mathematics,C+,,UEIS,A0028@uow.edu.my,2,61
A0028,Taylor Swift,May-22,XBCS1143N,Application Development,CT,Credit Transferred,UEIS,A0028@uow.edu.my,,
A0028,Taylor Swift,May-22,XBCS1183N,Database Management & Security,CT,Credit Transferred,UEIS,A0028@uow.edu.my,,
A0028,Taylor Swift,May-22,MPU3333N,Integrity and Anti Corruption,D,Exempted without Credit Transfer,UEIS,A0028@uow.edu.my,1,49
A0028,Taylor Swift,May-22,MPU3323N,Malaysia and Global Issues,A-,,UEIS,A0028@uow.edu.my,3.7,77
A0028,Taylor Swift,May-22,MPU3193N,Philosophy and Current Issues,A-,,UEIS,A0028@uow.edu.my,3.7,78
A0028,Taylor Swift,May-22,XBCS1123N,Statistics,B+,,UEIS,A0028@uow.edu.my,3.3,73
A0028,Taylor Swift,May-22,XBCS1153N,System Analysis and Design,CT,Credit Transferred,UEIS,A0028@uow.edu.my,,
A0028,Taylor Swift,May-22,XBIS1034N,Foundation of Information Systems,B+,,UEIS,A0028@uow.edu.my,3.3,72
A0028,Taylor Swift,May-22,XBCS2103N,Fundamentals of Object Oriented Programming,CT,Credit Transferred,UEIS,A0028@uow.edu.my,,
A0028,Taylor Swift,May-22,XBIS1044N,Enterprise Information Systems,B+,,UEIS,A0028@uow.edu.my,3.3,71
A0028,Taylor Swift,May-22,XBCS2163N,Database Management Systems,B+,,UEIS,A0028@uow.edu.my,3.3,70
A0028,Taylor Swift,May-22,XBIS2054N,Data Science,B-,,UEIS,A0028@uow.edu.my,,
A0028,Taylor Swift,May-22,XBCS2013N,Principles of Software Engineering,B+,,UEIS,A0028@uow.edu.my,3.3,70
A0028,Taylor Swift,May-22,MPU3243N,Entrepreneurship,A-,,UEIS,A0028@uow.edu.my,3.7,76
A0028,Taylor Swift,May-22,XBCS2193N,HCI & User Experience,B,,UEIS,A0028@uow.edu.my,3,66
A0028,Taylor Swift,May-22,XBIS2014N,IT Infrastructure,B+,,UEIS,A0028@uow.edu.my,3.3,73
A0028,Taylor Swift,May-22,XBIS3014N,Enterprise Systems,A-,,UEIS,A0028@uow.edu.my,3.7,79
A0028,Taylor Swift,May-22,MPU3242N,Global Social Responsibility,B+,,UEIS,A0028@uow.edu.my,3.3,74
A0028,Taylor Swift,May-22,XBIS2044N,Enterprise Architecture,A,,UEIS,A0028@uow.edu.my,4,87
A0028,Taylor Swift,May-22,XBIS3044N,Information System Strategy & Management,B-,,UEIS,A0028@uow.edu.my,,
A0028,Taylor Swift,May-22,XBIS3034N,Business Process Management,B+,,UEIS,A0028@uow.edu.my,3.3,70
A0028,Taylor Swift,May-22,XBSE2044N,IT Project Management,A-,,UEIS,A0028@uow.edu.my,3.7,78
A0028,Taylor Swift,May-22,XBCS2054N,Computer Ethics & Law,B,,UEIS,A0028@uow.edu.my,3,69
A0028,Taylor Swift,May-22,XBFP3074M,Final Year Project 1,A,,UEIS,A0028@uow.edu.my,4,81
A0028,Taylor Swift,May-22,XBFP3084N,Final Year Project 2,B+,,UEIS,A0028@uow.edu.my,3.3,71
A0028,Taylor Swift,May-22,XBIN3018N,Internship,A,,UEIS,A0028@uow.edu.my,4,84
A0028,Taylor Swift,May-22,MPU3213,Bahasa Kebangsaan A,D,Exempted without Credit Transfer,UEIS,A0028@uow.edu.my,1,45
A0028,Taylor Swift,May-22,MPU3143N,Bahasa Melayu Komunikasi 2,D,Exempted without Credit Transfer,UEIS,A0028@uow.edu.my,1,46
A0028,Taylor Swift,May-22,MPU3123N,Tamadun Islam & Tamadun Asia,D,Exempted without Credit Transfer,UEIS,A0028@uow.edu.my,1,49
A0028,Taylor Swift,May-22,KBRM3014N,Research Methodology,D,Exempted without Credit Transfer,UEIS,A0028@uow.edu.my,1,48
A0028,Taylor Swift,May-22,BBLG2034N,Supply Chain Management,B+,,UEIS,A0028@uow.edu.my,3.3,72
A0028,Taylor Swift,May-22,BBLG2014N,Introduction to Logistic,B,,UEIS,A0028@uow.edu.my,3,68
A0028,Taylor Swift,May-22,BBMG3024N,Strategic Management,A-,,UEIS,A0028@uow.edu.my,3.7,75
A0028,Taylor Swift,May-22,BBMG2014N,Organizational Behaviour,B+,,UEIS,A0028@uow.edu.my,3.3,70
A0028,Taylor Swift,May-22,XBCS2064N,Integrative Consultancy Project,B+,,UEIS,A0028@uow.edu.my,3.3,71
A0028,Taylor Swift,May-22,XBCS2124N,Computational Intelligence,C+,,UEIS,A0028@uow.edu.my,2,63
A0029,Timothée Chalamet,Jan-22,MPU3183N,Penghayatan Etika dan Peradaban,B+,,UEIS,A0029@uow.edu.my,3.3,73
A0029,Timothée Chalamet,Jan-22,KBEN1033N,Oral Communication,B+,,UEIS,A0029@uow.edu.my,3.3,74
A0029,Timothée Chalamet,Jan-22,XBCS1043N,Computing Mathematics,A+,,UEIS,A0029@uow.edu.my,4,92
A0029,Timothée Chalamet,Jan-22,XBCS1143N,Application Development,C+,,UEIS,A0029@uow.edu.my,2,62
A0029,Timothée Chalamet,Jan-22,XBCS1183N,Database Management & Security,A+,,UEIS,A0029@uow.edu.my,4,93
A0029,Timothée Chalamet,Jan-22,MPU3333N,Integrity and Anti Corruption,D,Exempted without Credit Transfer,UEIS,A0029@uow.edu.my,1,47
A0029,Timothée Chalamet,Jan-22,MPU3323N,Malaysia and Global Issues,B+,,UEIS,A0029@uow.edu.my,3.3,71
A0029,Timothée Chalamet,Jan-22,MPU3193N,Philosophy and Current Issues,B-,,UEIS,A0029@uow.edu.my,,
A0029,Timothée Chalamet,Jan-22,XBCS1123N,Statistics,A+,,UEIS,A0029@uow.edu.my,4,92
A0029,Timothée Chalamet,Jan-22,XBCS1153N,System Analysis and Design,A-,,UEIS,A0029@uow.edu.my,3.7,77
A0029,Timothée Chalamet,Jan-22,XBIS1034N,Foundation of Information Systems,A,,UEIS,A0029@uow.edu.my,4,86
A0029,Timothée Chalamet,Jan-22,XBCS2103N,Fundamentals of Object Oriented Programming,A-,,UEIS,A0029@uow.edu.my,3.7,76
A0029,Timothée Chalamet,Jan-22,XBIS1044N,Enterprise Information Systems,A-,,UEIS,A0029@uow.edu.my,3.7,79
A0029,Timothée Chalamet,Jan-22,XBCS2163N,Database Management Systems,B+,,UEIS,A0029@uow.edu.my,3.3,70
A0029,Timothée Chalamet,Jan-22,XBIS2054N,Data Science,A+,,UEIS,A0029@uow.edu.my,4,97
A0029,Timothée Chalamet,Jan-22,XBCS2013N,Principles of Software Engineering,A-,,UEIS,A0029@uow.edu.my,3.7,78
A0029,Timothée Chalamet,Jan-22,MPU3243N,Entrepreneurship,A-,,UEIS,A0029@uow.edu.my,3.7,78
A0029,Timothée Chalamet,Jan-22,XBCS2193N,HCI & User Experience,B+,,UEIS,A0029@uow.edu.my,3.3,74
A0029,Timothée Chalamet,Jan-22,XBIS2014N,IT Infrastructure,A-,,UEIS,A0029@uow.edu.my,3.7,75
A0029,Timothée Chalamet,Jan-22,XBIS3014N,Enterprise Systems,A,,UEIS,A0029@uow.edu.my,4,89
A0029,Timothée Chalamet,Jan-22,MPU3242N,Global Social Responsibility,B+,,UEIS,A0029@uow.edu.my,3.3,74
A0029,Timothée Chalamet,Jan-22,XBIS2044N,Enterprise Architecture,A+,,UEIS,A0029@uow.edu.my,4,95
A0029,Timothée Chalamet,Jan-22,XBIS3044N,Information System Strategy & Management,B+,,UEIS,A0029@uow.edu.my,3.3,74
A0029,Timothée Chalamet,Jan-22,XBIS3034N,Business Process Management,A,,UEIS,A0029@uow.edu.my,4,83
A0029,Timothée Chalamet,Jan-22,XBSE2044N,IT Project Management,A-,,UEIS,A0029@uow.edu.my,3.7,77
A0029,Timothée Chalamet,Jan-22,XBCS2054N,Computer Ethics & Law,A+,,UEIS,A0029@uow.edu.my,4,95
A0029,Timothée Chalamet,Jan-22,XBFP3074M,Final Year Project 1,A-,,UEIS,A0029@uow.edu.my,3.7,75
A0029,Timothée Chalamet,Jan-22,XBFP3084N,Final Year Project 2,A-,,UEIS,A0029@uow.edu.my,3.7,75
A0029,Timothée Chalamet,Jan-22,XBIN3018N,Internship,N,To Take (n : registered for Next semester),UEIS,A0029@uow.edu.my,,
A0029,Timothée Chalamet,Jan-22,MPU3213,Bahasa Kebangsaan A,D,Exempted without Credit Transfer,UEIS,A0029@uow.edu.my,1,48
A0029,Timothée Chalamet,Jan-22,MPU3143N,Bahasa Melayu Komunikasi 2,D,Exempted without Credit Transfer,UEIS,A0029@uow.edu.my,1,48
A0029,Timothée Chalamet,Jan-22,MPU3123N,Tamadun Islam & Tamadun Asia,D,Exempted without Credit Transfer,UEIS,A0029@uow.edu.my,1,46
A0029,Timothée Chalamet,Jan-22,KBRM3014N,Research Methodology,D,Exempted without Credit Transfer,UEIS,A0029@uow.edu.my,1,45
A0029,Timothée Chalamet,Jan-22,BBFN1014N,Principles of Finance,A,,UEIS,A0029@uow.edu.my,4,88
A0029,Timothée Chalamet,Jan-22,BBLG2034N,Supply Chain Management,A,,UEIS,A0029@uow.edu.my,4,87
A0029,Timothée Chalamet,Jan-22,BBMG3024N,Strategic Management,A-,,UEIS,A0029@uow.edu.my,3.7,77
A0029,Timothée Chalamet,Jan-22,BBMG2014N,Organizational Behaviour,A,,UEIS,A0029@uow.edu.my,4,87
A0029,Timothée Chalamet,Jan-22,XBCS2124N,Computational Intelligence,A+,,UEIS,A0029@uow.edu.my,4,98
A0029,Timothée Chalamet,Jan-22,XBMC3014N,Internet and Web Development,A,,UEIS,A0029@uow.edu.my,4,83
A0030,Zendaya,Jan-22,MPU3183N,Penghayatan Etika dan Peradaban,D,Exempted without Credit Transfer,UEIS,A0030@uow.edu.my,1,45
A0030,Zendaya,Jan-22,KBEN1033N,Oral Communication,A-,,UEIS,A0030@uow.edu.my,3.7,78
A0030,Zendaya,Jan-22,XBCS1043N,Computing Mathematics,C,,UEIS,A0030@uow.edu.my,2,56
A0030,Zendaya,Jan-22,XBCS1143N,Application Development,C+,,UEIS,A0030@uow.edu.my,2,60
A0030,Zendaya,Jan-22,XBCS1183N,Database Management & Security,B,,UEIS,A0030@uow.edu.my,3,69
A0030,Zendaya,Jan-22,MPU3333N,Integrity and Anti Corruption,D,Exempted without Credit Transfer,UEIS,A0030@uow.edu.my,1,45
A0030,Zendaya,Jan-22,MPU3323N,Malaysia and Global Issues,A+,,UEIS,A0030@uow.edu.my,4,96
A0030,Zendaya,Jan-22,MPU3193N,Philosophy and Current Issues,B-,,UEIS,A0030@uow.edu.my,,
A0030,Zendaya,Jan-22,XBCS1123N,Statistics,C,,UEIS,A0030@uow.edu.my,2,56
A0030,Zendaya,Jan-22,XBCS1153N,System Analysis and Design,B,,UEIS,A0030@uow.edu.my,3,65
A0030,Zendaya,Jan-22,XBIS1034N,Foundation of Information Systems,B,,UEIS,A0030@uow.edu.my,3,69
A0030,Zendaya,Jan-22,XBCS2103N,Fundamentals of Object Oriented Programming,C+,,UEIS,A0030@uow.edu.my,2,61
A0030,Zendaya,Jan-22,XBIS1044N,Enterprise Information Systems,B+,,UEIS,A0030@uow.edu.my,3.3,74
A0030,Zendaya,Jan-22,XBCS2163N,Database Management Systems,C+,,UEIS,A0030@uow.edu.my,2,62
A0030,Zendaya,Jan-22,XBIS2054N,Data Science,B,,UEIS,A0030@uow.edu.my,3,68
A0030,Zendaya,Jan-22,XBCS2013N,Principles of Software Engineering,B+,,UEIS,A0030@uow.edu.my,3.3,70
A0030,Zendaya,Jan-22,MPU3243N,Entrepreneurship,A,,UEIS,A0030@uow.edu.my,4,80
A0030,Zendaya,Jan-22,XBCS2193N,HCI & User Experience,B,,UEIS,A0030@uow.edu.my,3,69
A0030,Zendaya,Jan-22,XBIS2014N,IT Infrastructure,B,,UEIS,A0030@uow.edu.my,3,67
A0030,Zendaya,Jan-22,XBIS3014N,Enterprise Systems,B+,,UEIS,A0030@uow.edu.my,3.3,70
A0030,Zendaya,Jan-22,MPU3242N,Global Social Responsibility,B+,,UEIS,A0030@uow.edu.my,3.3,71
A0030,Zendaya,Jan-22,XBIS2044N,Enterprise Architecture,C+,,UEIS,A0030@uow.edu.my,2,61
A0030,Zendaya,Jan-22,XBIS3044N,Information System Strategy & Management,B+,,UEIS,A0030@uow.edu.my,3.3,70
A0030,Zendaya,Jan-22,XBIS3034N,Business Process Management,A-,,UEIS,A0030@uow.edu.my,3.7,79
A0030,Zendaya,Jan-22,XBSE2044N,IT Project Management,B+,,UEIS,A0030@uow.edu.my,3.3,73
A0030,Zendaya,Jan-22,XBCS2054N,Computer Ethics & Law,A-,,UEIS,A0030@uow.edu.my,3.7,78
A0030,Zendaya,Jan-22,XBFP3074M,Final Year Project 1,A,,UEIS,A0030@uow.edu.my,4,80
A0030,Zendaya,Jan-22,XBFP3084N,Final Year Project 2,B+,,UEIS,A0030@uow.edu.my,3.3,70
A0030,Zendaya,Jan-22,XBIN3018N,Internship,A+,,UEIS,A0030@uow.edu.my,4,98
A0030,Zendaya,Jan-22,MPU3213,Bahasa Kebangsaan A,D,Exempted without Credit Transfer,UEIS,A0030@uow.edu.my,1,46
A0030,Zendaya,Jan-22,MPU3143N,Bahasa Melayu Komunikasi 2,A-,,UEIS,A0030@uow.edu.my,3.7,78
A0030,Zendaya,Jan-22,MPU3123N,Tamadun Islam & Tamadun Asia,D,Exempted without Credit Transfer,UEIS,A0030@uow.edu.my,1,45
A0030,Zendaya,Jan-22,KBRM3014N,Research Methodology,D,Exempted without Credit Transfer,UEIS,A0030@uow.edu.my,1,48
A0030,Zendaya,Jan-22,BBLG2014N,Introduction to Logistic,B+,,UEIS,A0030@uow.edu.my,3.3,70
A0030,Zendaya,Jan-22,BBMG3024N,Strategic Management,A-,,UEIS,A0030@uow.edu.my,3.7,79
A0030,Zendaya,Jan-22,BBMG2014N,Organizational Behaviour,B,,UEIS,A0030@uow.edu.my,3,65
A0030,Zendaya,Jan-22,XBCS2064N,Integrative Consultancy Project,A,,UEIS,A0030@uow.edu.my,4,86
A0030,Zendaya,Jan-22,XBCS2124N,Computational Intelligence,C+,,UEIS,A0030@uow.edu.my,2,62
A0030,Zendaya,Jan-22,XBMC3014N,Internet and Web Development,A-,,UEIS,A0030@uow.edu.my,3.7,79
A0030,Zendaya,Jan-22,XBMC3014N,Internet and Web Development,A-,,UEIS,A0030@uow.edu.my,3.7,77
A0030,Zendaya,Jan-22,XBMC3014N,Internet and Web Development,A-,,UEIS,A0030@uow.edu.my,3.7,76
A0028,Taylor Swift,May-22,XBCS2064N,Integrative Consultancy Project,B+,,UEIS,A0028@uow.edu.my,3.3,70
A0028,Taylor Swift,May-22,XBCS2124N,Computational Intelligence,C+,,UEIS,A0028@uow.edu.my,2,64
